"TermID","CodeSetID","EntityID"
2701,45,
3000,1,
3002,29,
3004,290,
3011,5,
3012,6,
3013,1,
3014,1,
3015,7,
3017,1,
3021,291,
3025,9,
3026,353,
3027,11,
3029,352,
3031,1,
3035,13,
3036,1,
3037,1,
3038,16,
3039,1,
3043,18,
3044,17,
3045,19,
3048,20,
3049,21,
3050,22,
3051,22,
3052,23,
3056,24,
3057,25,
3060,26,
3061,27,
3065,28,
3071,30,
3072,288,
3075,32,
3076,33,
3077,1,
3078,1,
3079,34,
3080,1,
3084,1,
3086,1,
3087,35,
3089,36,
3090,188,
3091,37,
3092,39,
3093,40,
3094,41,
3095,42,
3096,43,
3099,44,
3100,357,
3106,46,
3108,47,
3110,287,
3111,49,
3113,50,
3114,51,
3117,1,
3120,1,
3122,2,
3123,53,
3125,357,
3126,373,
3131,285,
3133,1,
3134,54,
3135,1,
3137,1,
3138,55,
3140,56,
3141,374,
3142,58,
3144,237,
3146,60,
3147,1,
3148,1,
3149,1,
3151,1,
3158,147,
3159,148,
3161,375,
3162,150,
3163,151,
3164,61,
3167,244,
3169,62,
3170,63,
3173,64,
3174,65,
3177,354,
3178,67,
3179,68,
3180,1,
3181,69,
3185,1,
3186,70,
3187,71,
3188,72,
3189,1,
3193,2,
3194,73,
3196,74,
3198,75,
3207,76,
3208,77,
3209,77,
3210,1,
3211,1,
3215,78,
3216,80,
3217,79,
3218,81,
3219,1,
3220,82,
3221,83,
3222,371,
3224,85,
3225,286,
3227,87,
3228,88,
3229,89,
3230,90,
3232,91,
3234,1,
3235,1,
3236,1,
3237,1,
3238,1,
3239,93,
3240,94,
3241,292,
3242,96,
3246,97,
3247,98,
3248,99,
3249,1,
3254,100,
3255,141,
3257,1,
3258,101,
3260,102,
3261,1,
3262,1,
3264,1,
3266,103,
3267,104,
3268,104,
3272,105,
3273,106,
3277,107,
3278,108,
3280,393,
3281,109,
3282,110,
3283,111,
3284,112,
3285,113,
3286,1,
3287,1,
3288,1,
3289,114,
3290,1,
3291,1,
3292,1,
3296,144,
3297,115,
3299,143,
3304,385,
3305,117,
3307,118,
3308,119,
3309,119,
3310,120,
3314,381,
3315,122,
3316,123,
3317,59,
3318,383,
3319,124,
3320,125,
3321,126,
3322,127,
3325,128,
3328,129,
3332,130,
3333,131,
3334,384,
3335,384,
3340,133,
3342,284,
3344,333,
3346,136,
3349,137,
3352,138,
3355,382,
3356,251,
3358,4,
3360,29,
3362,145,
3368,11,
3370,59,
3374,152,
3375,1,
3376,235,
3377,323,
3380,154,
3382,155,
3384,156,
3396,157,
3405,319,
3405,319,
3406,159,
3407,11,
3414,160,
3415,161,
3417,104,
3419,162,
3421,1,
3424,22,
3425,104,
3427,163,
3428,1,
3429,164,
3430,165,
3432,1,
3433,1,
3435,1,
3436,1,
3437,166,
3438,59,
3439,167,
3441,169,
3449,171,
3453,172,
3456,173,
3457,1,
3458,1,
3459,1,
3473,1,
3475,1,
3476,1,
3477,174,
3478,175,
3479,176,
3481,177,
3482,177,
3497,180,
3500,181,
3501,182,
3503,1,
3504,1,
3505,1,
3506,183,
3509,1,
3515,184,
3516,1,
3519,1,
3521,185,
3522,186,
3523,187,
3524,189,
3526,190,
3527,191,
3528,192,
3529,193,
3530,194,
3531,355,
3532,196,
3533,137,
3534,1,
3535,197,
3536,198,
3537,1,
3564,392,
3539,200,
3541,1,
3541,1,
3542,1,
3543,1,
3544,83,
3545,197,
3546,201,
3547,202,
3548,203,
3549,204,
3550,205,
3552,137,
3553,206,
3554,1,
3555,1,
3556,207,
3557,1,
3558,208,
3561,1,
3563,209,
3615,367,
3565,211,
3568,1,
3569,1,
3570,1,
3572,197,
3573,1,
3574,1,
3576,1,
3578,212,
3579,213,
3580,214,
3581,215,
3582,216,
3585,1,
3586,1,
3587,217,
3588,217,
3589,218,
3592,219,
3593,220,
3594,221,
3596,222,
3598,223,
3602,224,
3603,1,
3610,226,
3611,227,
3613,229,
3614,230,
3703,377,
3617,232,
3620,233,
3627,236,
3636,1,
3638,1,
3644,239,
3649,1,
3650,246,
3652,247,
3654,248,
3655,249,
3656,249,
3657,249,
3658,249,
3659,249,
3675,250,
3686,252,
3688,253,
3689,254,
3690,255,
3692,256,
3697,257,
3698,258,
3701,283,
3704,259,
3705,260,
3708,261,
3709,1,
3710,1,
3711,1,
3712,262,
3713,263,
3714,264,
3715,1,
3716,265,
3717,266,
3719,267,
2000,1,
2013,1,
2014,1,
2017,1,
2304,116,
2305,117,
2307,118,
2308,119,
2309,119,
2310,120,
2311,1,
2314,121,
2315,122,
2316,123,
2317,59,
2318,124,
2319,124,
2328,129,
2332,130,
2333,131,
2334,132,
2335,132,
2336,1,
2337,1,
2338,1,
2339,1,
2364,146,
2158,147,
2375,1,
2377,153,
2380,154,
2382,155,
2384,156,
2396,157,
2405,158,
2406,159,
2645,240,
2432,1,
2433,1,
2435,1,
2436,1,
2437,166,
2438,59,
2439,167,
2440,168,
2441,169,
2448,170,
2449,171,
2453,172,
2455,1,
2456,173,
2457,1,
2458,1,
2459,1,
2473,1,
2475,1,
2476,1,
2573,1,
2574,1,
2575,1,
2576,1,
2578,212,
2579,213,
2580,214,
2581,215,
2582,216,
2585,1,
2586,1,
2587,217,
2588,217,
2589,218,
2592,219,
2593,220,
2594,221,
2596,222,
2598,223,
2602,224,
2603,1,
2611,227,
2610,226,
2612,228,
2613,229,
2614,230,
2615,231,
2617,232,
2620,233,
2621,234,
2407,11,
2627,236,
2630,237,
2631,238,
2632,238,
2633,238,
2634,238,
2635,238,
2234,1,
2636,1,
2638,1,
2646,241,
2649,1,
2650,246,
2652,247,
2654,248,
2655,249,
2656,249,
2657,249,
2658,249,
2659,249,
2675,250,
2686,252,
2688,253,
2689,254,
2690,255,
2692,256,
2697,257,
2031,1,
2036,1,
2039,1,
2080,1,
2084,1,
2086,1,
2120,1,
2135,1,
2137,1,
2147,1,
2148,1,
2149,1,
2151,1,
2180,1,
2185,1,
2189,1,
2210,1,
2211,1,
2219,1,
2235,1,
2236,1,
2237,1,
2249,1,
2257,1,
2261,1,
2262,1,
2264,1,
2286,1,
2287,1,
2288,1,
2290,1,
2291,1,
2301,1,
2144,237,
2020,1,
2034,1,
2016,1,
2037,1,
2122,2,
2193,2,
2004,3,
2010,4,
2011,5,
2012,6,
2015,7,
2021,8,
2025,9,
2026,10,
2027,11,
2029,12,
2035,13,
2038,16,
2044,17,
2043,18,
2045,19,
2048,20,
2049,21,
2050,22,
2051,22,
2052,23,
2056,24,
2057,25,
2060,26,
2061,27,
2065,28,
2002,29,
2071,30,
2072,31,
2075,32,
2076,33,
2077,1,
2078,1,
2087,35,
2091,37,
2089,36,
2092,39,
2093,40,
2094,41,
2095,42,
2096,43,
2099,44,
2100,45,
2125,45,
2126,45,
2131,45,
2106,46,
2108,47,
2110,48,
2111,49,
2113,50,
2116,1,
2117,1,
2119,52,
2114,51,
2123,53,
2133,1,
2134,54,
2192,1,
2138,55,
2140,56,
2141,57,
2142,58,
2145,59,
2146,60,
2164,61,
2169,62,
2170,63,
2173,64,
2174,65,
2176,66,
2177,45,
2178,67,
2179,68,
2181,69,
2186,70,
2187,71,
2188,72,
2194,73,
2195,1,
2196,74,
2198,75,
2207,76,
2208,77,
2209,77,
2215,78,
2216,80,
2217,79,
2218,81,
2220,82,
2221,83,
2222,84,
2224,85,
2225,86,
2227,87,
2228,88,
2229,89,
2230,90,
2232,91,
2238,1,
2239,93,
2240,94,
2241,95,
2242,96,
2246,97,
2247,98,
2248,99,
2254,100,
2258,101,
2260,102,
2266,103,
2267,104,
2268,104,
2272,105,
2273,106,
2276,82,
2277,107,
2278,108,
2281,109,
2282,110,
2283,111,
2284,112,
2285,113,
2292,1,
2296,144,
2297,115,
2289,114,
2299,143,
2340,133,
2342,134,
2344,135,
2346,136,
2349,137,
2352,138,
2355,139,
2356,251,
2255,141,
2359,142,
2360,29,
2079,34,
2362,145,
2320,125,
2321,126,
2322,127,
2325,128,
2477,174,
2478,175,
2479,176,
2481,177,
2482,177,
2159,148,
2161,149,
2162,150,
2163,151,
2368,11,
2370,59,
2374,152,
2535,197,
2536,198,
2537,1,
2538,199,
2539,200,
2541,1,
2542,1,
2541,1,
2543,1,
2544,83,
2545,197,
2546,201,
2570,1,
2421,1,
2376,235,
2358,4,
2280,243,
2270,242,
2167,244,
2160,245,
2414,160,
2415,161,
2417,104,
2419,162,
2424,22,
2425,104,
2427,163,
2428,1,
2429,164,
2430,165,
2497,180,
2500,181,
2501,182,
2503,1,
2504,1,
2505,1,
2506,183,
2509,1,
2515,184,
2516,1,
2519,1,
2521,185,
2522,186,
2523,187,
2090,188,
2524,189,
2526,190,
2527,191,
2528,192,
2529,193,
2530,194,
2531,195,
2532,196,
2533,137,
2534,1,
2547,202,
2548,203,
2549,204,
2550,205,
2552,137,
2553,206,
2554,1,
2555,1,
2556,207,
2557,1,
2558,208,
2561,1,
2563,209,
2564,210,
2565,211,
2568,1,
2569,1,
2572,197,
2698,258,
2644,239,
3720,1,
3721,268,
3725,269,
3727,1,
4027,339,
3735,1,
3736,378,
3738,1,
3739,270,
3741,1,
3743,1,
3744,1,
3745,1,
3748,271,
3749,272,
3750,137,
3751,137,
3753,137,
3754,137,
3756,273,
3758,1,
3759,1,
3760,1,
3761,1,
3763,274,
3764,274,
3765,275,
3766,276,
3767,277,
3768,278,
3770,279,
3771,280,
3775,281,
3778,149,
3779,282,
3780,289,
3782,293,
3783,1,
3785,294,
3786,1,
3797,300,
3798,1,
3804,104,
3805,296,
3806,1,
3810,1,
3811,297,
3812,298,
3813,1,
3814,1,
3817,299,
3818,301,
3821,1,
3822,302,
3823,303,
3827,149,
3828,304,
3829,124,
3832,1,
3834,305,
3837,1,
3838,1,
3842,306,
3845,1,
3846,1,
3847,1,
3848,1,
3849,1,
3850,1,
3851,1,
3852,307,
3853,1,
3854,1,
3855,1,
3856,1,
3857,308,
3858,1,
3859,1,
3860,1,
3861,1,
3862,309,
3863,1,
3866,310,
3867,310,
3868,137,
3869,311,
3875,312,
3876,313,
3879,314,
3880,59,
3881,59,
3907,359,
3920,59,
3921,315,
3924,316,
3928,317,
3929,318,
3935,320,
3939,59,
3943,321,
3946,322,
3950,237,
3955,1,
3957,1,
3973,1,
3974,1,
3977,324,
3983,325,
3984,326,
3985,327,
3989,2,
3990,2,
3992,104,
3996,329,
3997,330,
3999,331,
4000,331,
4003,332,
4004,1,
4005,335,
4007,1,
4008,1,
4010,1,
4016,336,
4018,1,
4020,337,
4025,59,
4026,338,
4028,340,
4029,341,
4033,1,
4035,342,
4036,343,
4038,344,
4041,345,
4042,59,
4043,59,
4044,346,
4045,347,
4046,348,
4048,1,
4049,349,
4050,1,
4051,350,
4060,351,
4063,283,
4072,358,
4073,59,
4111,1,
4117,360,
4118,361,
4141,362,
4144,1,
4145,1,
4147,363,
4150,364,
4165,365,
4166,366,
4167,1,
4168,368,
4173,369,
4175,370,
4177,357,
4178,372,
4183,1,
4186,379,
4188,380,
4190,1,
4191,1,
4194,386,
4195,386,
4196,387,
4200,388,
4202,389,
4209,390,
4210,391,
4212,374,
4214,118,
4219,394,
4227,1,
4229,1,
4232,395,
4238,1,
4239,1,
4240,1,
4179,1,
4179,376,
5000,1,
5002,29,
5004,290,
5011,5,
5012,6,
5013,1,
5014,1,
5015,7,
5017,1,
5021,291,
5025,9,
5026,353,
5027,11,
5029,352,
5031,1,
5035,13,
5036,1,
5037,1,
5038,511,
5039,1,
5043,18,
5044,17,
5045,19,
5048,20,
5049,21,
5050,22,
5051,22,
5056,24,
5057,25,
5060,26,
5061,27,
5065,28,
5071,30,
5072,288,
5075,32,
5076,495,
5077,1,
5078,1,
5079,34,
5080,1,
5084,1,
5086,1,
5087,35,
5089,36,
5090,188,
5091,37,
5092,39,
5093,40,
5094,41,
5095,42,
5096,43,
5099,44,
5100,357,
5106,46,
5108,47,
5110,287,
5111,49,
5113,50,
5117,1,
5120,1,
5122,2,
5123,53,
5125,357,
5126,373,
5131,285,
5133,1,
5134,54,
5135,1,
5137,1,
5138,55,
5140,56,
5141,374,
5142,58,
5144,237,
5146,60,
5147,1,
5148,1,
5149,1,
5151,1,
5158,147,
5159,148,
5161,375,
5162,150,
5163,151,
5164,61,
5167,244,
5169,62,
5170,63,
5173,64,
5174,65,
5177,354,
5178,67,
5179,68,
5180,1,
5181,69,
5185,1,
5186,70,
5187,71,
5188,72,
5189,1,
5193,2,
5194,73,
5196,74,
5198,75,
5207,76,
5208,77,
5209,77,
5210,1,
5211,1,
5215,78,
5216,80,
5217,79,
5218,81,
5219,1,
5220,82,
5221,83,
5222,371,
5224,85,
5225,485,
5227,87,
5228,88,
5229,89,
5230,90,
5232,91,
5234,1,
5235,1,
5236,1,
5237,1,
5238,1,
5239,93,
5240,94,
5241,292,
5242,96,
5246,97,
5247,98,
5248,99,
5249,1,
5254,100,
5255,141,
5257,1,
5258,101,
5260,492,
5261,1,
5262,1,
5264,1,
5266,103,
5267,104,
5268,104,
5272,105,
5273,106,
5277,489,
5278,108,
5280,393,
5281,109,
5282,110,
5283,111,
5284,112,
5285,113,
5286,1,
5287,1,
5288,1,
5289,114,
5290,1,
5291,1,
5292,1,
5296,144,
5297,115,
5299,143,
5304,385,
5305,117,
5307,118,
5308,119,
5309,119,
5310,120,
5314,381,
5315,122,
5316,123,
5317,59,
5318,383,
5319,124,
5320,125,
5321,455,
5322,127,
5325,128,
5328,129,
5332,130,
5333,131,
5334,384,
5335,384,
5340,133,
5342,284,
5344,333,
5346,136,
5349,137,
5352,138,
5355,426,
5356,251,
5765,506,
5360,29,
5362,145,
5368,11,
5370,59,
5374,152,
5375,1,
5376,235,
5377,323,
5380,154,
5382,405,
5384,156,
5396,403,
5405,319,
5407,11,
5414,160,
5415,161,
5417,104,
5419,162,
5421,1,
5424,22,
5425,104,
5427,163,
5428,1,
5429,164,
5430,165,
5432,1,
5433,1,
5435,1,
5436,1,
5437,166,
5438,59,
5439,167,
5441,169,
5449,171,
5453,172,
5456,173,
5457,1,
5458,1,
5459,1,
5473,1,
5475,1,
5476,1,
5477,174,
5478,175,
5479,176,
5481,177,
5482,177,
5497,180,
5500,181,
5501,182,
5503,1,
5504,1,
5505,1,
5506,183,
5509,1,
5515,184,
5516,1,
5519,1,
5521,185,
5522,186,
5523,187,
5524,189,
5526,190,
5527,191,
5528,192,
5529,193,
5530,194,
5531,355,
5532,196,
5533,137,
5534,1,
5535,197,
5536,198,
5537,1,
5539,200,
5541,1,
5542,1,
5543,1,
5544,83,
5545,197,
5546,201,
5547,202,
5548,203,
5549,204,
5550,205,
5552,137,
5553,206,
5554,1,
5555,1,
5556,207,
5557,1,
5558,208,
5561,1,
5563,209,
5564,392,
5565,211,
5568,1,
5569,1,
5570,1,
5572,197,
5573,1,
5574,1,
5578,212,
5579,213,
5580,214,
5581,215,
5582,216,
5585,1,
5586,1,
5587,217,
5588,217,
5589,397,
5592,219,
5593,220,
5594,221,
5596,222,
5598,223,
5602,224,
5603,1,
5610,226,
5611,227,
5613,437,
5614,230,
5615,367,
5779,507,
5620,233,
5627,236,
5636,1,
5638,1,
5644,239,
5649,1,
5650,246,
5652,247,
5654,248,
5655,249,
5656,249,
5657,249,
5658,249,
5659,249,
5675,250,
5686,252,
5688,253,
5689,254,
5690,255,
5692,484,
5698,258,
5701,283,
5703,377,
5704,259,
5705,260,
5708,261,
5709,1,
5710,1,
5711,1,
5712,262,
5713,263,
5714,264,
5715,1,
5716,265,
5717,266,
5719,267,
5720,1,
5721,268,
5725,269,
5727,1,
5735,1,
5736,378,
5738,1,
5739,270,
5741,1,
5743,1,
5744,1,
5745,1,
5748,271,
5749,272,
5750,137,
5751,137,
5753,137,
5754,137,
5756,273,
5758,1,
5759,1,
5760,1,
5761,1,
5763,274,
5764,274,
5829,502,
5766,494,
5767,277,
5768,278,
5770,398,
5771,280,
5775,281,
5778,149,
5983,500,
5780,483,
5782,293,
5783,1,
5786,1,
5797,300,
5798,1,
5804,104,
5805,296,
5806,1,
5810,1,
5811,297,
5812,298,
5813,1,
5814,1,
5817,299,
5818,301,
5821,1,
5822,302,
5823,303,
5827,149,
5828,304,
6181,1,
5834,305,
5837,1,
5838,1,
5842,306,
5845,1,
5847,1,
5848,1,
5849,1,
5850,1,
5851,1,
5852,307,
5853,1,
5854,1,
5855,1,
5856,1,
5857,308,
5858,1,
5859,1,
5862,309,
5863,1,
5866,310,
5867,310,
5868,137,
5869,469,
5875,312,
5876,313,
5879,314,
5880,59,
5881,59,
5907,359,
5920,59,
5921,315,
5924,316,
5928,317,
5929,468,
5935,320,
5939,59,
5943,321,
5946,322,
5950,237,
5955,1,
5957,1,
5973,1,
5974,1,
5977,324,
6464,499,
5984,326,
5985,327,
5989,434,
5990,434,
5992,435,
5996,329,
5999,331,
6000,331,
6003,332,
6004,1,
6005,466,
6007,1,
6008,1,
6010,1,
6016,336,
6018,1,
6020,337,
6025,59,
6026,338,
6027,339,
6028,340,
6029,341,
6033,1,
6035,342,
6036,343,
6038,344,
6041,345,
6042,59,
6043,59,
6044,346,
6045,347,
6046,348,
6048,1,
6049,349,
6050,1,
6051,350,
6060,351,
6063,283,
6070,436,
6072,358,
6073,59,
6111,1,
6117,360,
6118,361,
6141,362,
6144,1,
6145,1,
6147,363,
6150,364,
6165,474,
6166,366,
6167,1,
6168,368,
6173,369,
6175,370,
6177,357,
6178,372,
6179,376,
6183,1,
6186,379,
6188,380,
6190,1,
6191,1,
6194,386,
6195,386,
6196,387,
6200,388,
6202,389,
6209,390,
6210,391,
6212,412,
6214,118,
6219,394,
6227,1,
6229,1,
6232,395,
6238,1,
6239,1,
6240,1,
6243,396,
6244,399,
6245,400,
6248,401,
6249,402,
6252,404,
6253,406,
6254,407,
6256,408,
6257,1,
6258,409,
6261,1,
6262,410,
6263,1,
6265,411,
6267,412,
6269,413,
6270,414,
6273,415,
6274,416,
6276,417,
6277,418,
6278,419,
6283,420,
6284,1,
6285,421,
6286,422,
6287,423,
6288,1,
6289,1,
6290,424,
6293,425,
6294,427,
6296,428,
6299,429,
6302,430,
6303,431,
6304,432,
6306,433,
6308,1,
6309,434,
6310,438,
6311,1,
6312,439,
6314,440,
6316,441,
6320,442,
6321,443,
6322,444,
6323,445,
6324,446,
6327,1,
6328,448,
6329,449,
6330,1,
6336,1,
6337,450,
6339,182,
6340,452,
6341,453,
6343,1,
6345,1,
6347,452,
6349,452,
6352,455,
6353,1,
6354,456,
6355,457,
6356,458,
6357,59,
6358,459,
6359,460,
6360,461,
6362,1,
6363,462,
6364,463,
6365,464,
6366,465,
6368,467,
6370,315,
6377,470,
6380,471,
6381,1,
6382,1,
6383,472,
6385,1,
6387,473,
6390,1,
6394,1,
6395,1,
6397,1,
6399,475,
6401,476,
6403,477,
6406,478,
6409,479,
6412,480,
6415,1,
6428,481,
6429,482,
6430,484,
6435,1,
6439,217,
6440,486,
6454,487,
6463,488,
5358,496,
6465,1,
6466,476,
6467,490,
6471,491,
6473,493,
6474,18,
5617,508,
6475,497,
6476,1,
6477,1,
6478,1,
6479,498,
6480,498,
6481,498,
6482,504,
6488,501,
6490,510,
6491,509,
6492,503,
6494,505,
6499,1,
7000,1,
7013,1,
7014,1,
7017,1,
7031,1,
7036,1,
7037,1,
7080,1,
7084,1,
7086,1,
7039,1,
7077,1,
7078,1,
7117,1,
7120,1,
7133,1,
7135,1,
7137,1,
7147,1,
7148,1,
7149,1,
7151,1,
7180,1,
7189,1,
7185,1,
7210,1,
7211,1,
7219,1,
7234,1,
7235,1,
7236,1,
7237,1,
7238,1,
7261,1,
7262,1,
7264,1,
7249,1,
7257,1,
7286,1,
7287,1,
7288,1,
7290,1,
7291,1,
7292,1,
7375,1,
7421,1,
7432,1,
7433,1,
7435,1,
7436,1,
7457,1,
7458,1,
7459,1,
7473,1,
7475,1,
7476,1,
7503,1,
7504,1,
7505,1,
7428,1,
7509,1,
7516,1,
7519,1,
7541,1,
7542,1,
7543,1,
7534,1,
7537,1,
7554,1,
7555,1,
7557,1,
7568,1,
7569,1,
7570,1,
7573,1,
7574,1,
7585,1,
7586,1,
7603,1,
7561,1,
7636,1,
7638,1,
7649,1,
7709,1,
7710,1,
7711,1,
7715,1,
7720,1,
7727,1,
7735,1,
7741,1,
7743,1,
7744,1,
7745,1,
7758,1,
7759,1,
7760,1,
7761,1,
7738,1,
7786,1,
7798,1,
7806,1,
7810,1,
7813,1,
7814,1,
7821,1,
8181,1,
7837,1,
7838,1,
7845,1,
7847,1,
7848,1,
7849,1,
7850,1,
7851,1,
7853,1,
7854,1,
7855,1,
7856,1,
7858,1,
7859,1,
7863,1,
7955,1,
7957,1,
7973,1,
7974,1,
8007,1,
8008,1,
8010,1,
8004,1,
8018,1,
8033,1,
8048,1,
8050,1,
8144,1,
8145,1,
8167,1,
8111,1,
8190,1,
8191,1,
8238,1,
8239,1,
8240,1,
8183,1,
8227,1,
8229,1,
8257,1,
8263,1,
8288,1,
8289,1,
8284,1,
8261,1,
8308,1,
8311,1,
8327,1,
8330,1,
8343,1,
8345,1,
8362,1,
8353,1,
8381,1,
8382,1,
8385,1,
8390,1,
8394,1,
8395,1,
8397,1,
8435,1,
8465,1,
8415,1,
8476,1,
8477,1,
8478,1,
8499,1,
7193,2,
7122,2,
7011,5,
7012,6,
7015,7,
7025,9,
7027,11,
7407,11,
7368,11,
7035,13,
7044,17,
7043,18,
8474,18,
7045,19,
7048,20,
7049,21,
7050,22,
7051,22,
7424,22,
7056,24,
7057,25,
7060,26,
7061,27,
7065,28,
7002,29,
7360,29,
7071,30,
7075,32,
7079,34,
7087,35,
7089,36,
7091,37,
7092,39,
7093,40,
7094,41,
7095,42,
7099,44,
7106,46,
7108,47,
7111,49,
7113,50,
7123,53,
7134,54,
7138,55,
7140,56,
7142,58,
7370,59,
7317,59,
7438,59,
8357,59,
8073,59,
8042,59,
8043,59,
8025,59,
7880,59,
7881,59,
7939,59,
7920,59,
7146,60,
7164,61,
7169,62,
7170,63,
7173,64,
7174,65,
7178,67,
7179,68,
7181,69,
7186,70,
7187,71,
7188,72,
7194,73,
7196,74,
7198,75,
7207,76,
7208,77,
7209,77,
7217,79,
7216,80,
7218,81,
7220,82,
7221,83,
7544,83,
7224,85,
7227,87,
7228,88,
7229,89,
7230,90,
7232,91,
7239,93,
7240,94,
7242,96,
7254,100,
7258,101,
7266,103,
7268,104,
7425,104,
7417,104,
7804,104,
7272,105,
7273,106,
7278,108,
7281,109,
7282,110,
7283,111,
7284,112,
7285,113,
7289,114,
7297,115,
7305,117,
7307,118,
8214,118,
7308,119,
7309,119,
7310,120,
7315,122,
7316,123,
7319,124,
7322,127,
7325,128,
7328,129,
7332,130,
7333,131,
7340,133,
7346,136,
7349,137,
7552,137,
7533,137,
7750,137,
7751,137,
7753,137,
7754,137,
7868,137,
7352,138,
7255,141,
7299,143,
7296,144,
7362,145,
7158,147,
7159,148,
7827,149,
7778,149,
7162,150,
7163,151,
7374,152,
7380,154,
7384,156,
7414,160,
7415,161,
7419,162,
7427,163,
7429,164,
7430,165,
7437,166,
7439,167,
7441,169,
7449,171,
7453,172,
7456,173,
7477,174,
7478,175,
7479,176,
7481,177,
7482,177,
7497,180,
7500,181,
7501,182,
8339,182,
7506,183,
7515,184,
7521,185,
7522,186,
7523,187,
7524,189,
7526,190,
7527,191,
7528,192,
7529,193,
7530,194,
7532,196,
7535,197,
7545,197,
7572,197,
7536,198,
7539,200,
7546,201,
7547,202,
7548,203,
7549,204,
7550,205,
7553,206,
7556,207,
7558,208,
7563,209,
7565,211,
7578,212,
7579,213,
7580,214,
7581,215,
7582,216,
7587,217,
7588,217,
8439,217,
7592,219,
7593,220,
7594,221,
7596,222,
7598,223,
7602,224,
7610,226,
7611,227,
7614,230,
7620,233,
7376,235,
7144,237,
7950,237,
7644,239,
7167,244,
7650,246,
7652,247,
7654,248,
7655,249,
7656,249,
7657,249,
7658,249,
7659,249,
7675,250,
7356,251,
7688,253,
7689,254,
7690,255,
7698,258,
7704,259,
7705,260,
7708,261,
7712,262,
7713,263,
7714,264,
7716,265,
7717,266,
7719,267,
7721,268,
7725,269,
7739,270,
7748,271,
7749,272,
7756,273,
7763,274,
7764,274,
7767,277,
7768,278,
7771,280,
7775,281,
7701,283,
8063,283,
7342,284,
7131,285,
7110,287,
7072,288,
7004,290,
7021,291,
7241,292,
7782,293,
7811,297,
7812,298,
7817,299,
7797,300,
7818,301,
7822,302,
7823,303,
7828,304,
7834,305,
7842,306,
7852,307,
7857,308,
7862,309,
7866,310,
7867,310,
7875,312,
7876,313,
7879,314,
8370,315,
7924,316,
7928,317,
7405,319,
7943,321,
7946,322,
7377,323,
7977,324,
7984,326,
7985,327,
7996,329,
8000,331,
8003,332,
7344,333,
8016,336,
8020,337,
8026,338,
8027,339,
8028,340,
8029,341,
8035,342,
8036,343,
8038,344,
8041,345,
8044,346,
8045,347,
8046,348,
8049,349,
8051,350,
8060,351,
7029,352,
7026,353,
7177,354,
7531,355,
7100,357,
7125,357,
8177,357,
8072,358,
7907,359,
8117,360,
8141,362,
8147,363,
8150,364,
8166,366,
7615,367,
8168,368,
8173,369,
8175,370,
7222,371,
8178,372,
7126,373,
7141,374,
7161,375,
8179,376,
7703,377,
7736,378,
8186,379,
8188,380,
7318,383,
7334,384,
7335,384,
7304,385,
8194,386,
8195,386,
8196,387,
8200,388,
8202,389,
8209,390,
8210,391,
7564,392,
7280,393,
8219,394,
8232,395,
8243,396,
7589,397,
7770,398,
8244,399,
8245,400,
8248,401,
8249,402,
7396,403,
7382,405,
8253,406,
8254,407,
8256,408,
8258,409,
8262,410,
8265,411,
8267,412,
8212,412,
8269,413,
8270,414,
8273,415,
8274,416,
8276,417,
8277,418,
8278,419,
8283,420,
8285,421,
8286,422,
8287,423,
8290,424,
8293,425,
8296,428,
8299,429,
8302,430,
8303,431,
8306,433,
8309,434,
7989,434,
7990,434,
7992,435,
8070,436,
8310,438,
8312,439,
8314,440,
8316,441,
8321,443,
8322,444,
8323,445,
8324,446,
8337,450,
8340,452,
8347,452,
8349,452,
8341,453,
8352,455,
8355,457,
8358,459,
8359,460,
8360,461,
8363,462,
8364,463,
8365,464,
8366,465,
8005,466,
8368,467,
7929,468,
8377,470,
8380,471,
8383,472,
8387,473,
8165,474,
8399,475,
8401,476,
8466,476,
8403,477,
8406,478,
8409,479,
8428,481,
8429,482,
7780,483,
7692,484,
7225,485,
8440,486,
8454,487,
8463,488,
7277,489,
8467,490,
8471,491,
7260,492,
8473,493,
7766,494,
7076,495,
7358,496,
8475,497,
8479,498,
8480,498,
8481,498,
8464,499,
7983,500,
8488,501,
8492,503,
8482,504,
8494,505,
7765,506,
7779,507,
7617,508,
8491,509,
8490,510,
7038,511,
7096,535,
7267,531,
7320,522,
7627,528,
7686,517,
7869,527,
7935,523,
8294,536,
8320,519,
8412,537,
8503,512,
8507,1,
8511,1,
8513,513,
8516,514,
8518,515,
8523,516,
8524,1,
8529,518,
8531,520,
8537,524,
8540,525,
8543,526,
8550,529,
8554,1,
8555,532,
8556,533,
8557,534,
8558,538,
8559,539,
8560,1,
8561,540,
8565,541,
8567,542,
8568,543,
8569,544,
8570,1,
8578,1,
8580,545,
8581,546,
8582,547,
8583,548,
8584,549,
8585,550,
8586,551,
8587,552,
8588,553,
8589,554,
8591,1,
8595,555,
8596,556,
8598,1,
8599,1,
8601,557,
8602,558,
8607,559,
7314,567,
8611,560,
8613,561,
7321,518,
7355,566,
7613,561,
7805,563,
7829,565,
7877,562,
8304,568,
8610,2,
8614,564,
8615,1,
8617,569,
9000,1,
9013,1,
9014,1,
9017,1,
9031,1,
9036,1,
9037,1,
9080,1,
9084,1,
9086,1,
9039,1,
9077,1,
9078,1,
9117,1,
9120,1,
9133,1,
9135,1,
9137,1,
9147,1,
9148,1,
9149,1,
9151,1,
9180,1,
9189,1,
9185,1,
9210,1,
9211,1,
9219,1,
9234,1,
9235,1,
9236,1,
9237,1,
9238,1,
9261,1,
9262,1,
9264,1,
9249,1,
9257,1,
9286,1,
9287,1,
9288,1,
9290,1,
9291,1,
9292,1,
9375,1,
9421,1,
9432,1,
9433,1,
9435,1,
9436,1,
9457,1,
9458,1,
9459,1,
9473,1,
9475,1,
9476,1,
9503,1,
9504,1,
9505,1,
9428,1,
9509,1,
9516,1,
9519,1,
9541,1,
9542,1,
9543,1,
9534,1,
9537,1,
9554,1,
9555,1,
9557,1,
9568,1,
9569,1,
9570,1,
9573,1,
9574,1,
9585,1,
9586,1,
9603,1,
9561,1,
9636,1,
9638,1,
9649,1,
9709,1,
9710,1,
9711,1,
9715,1,
9720,1,
9727,1,
9735,1,
9741,1,
9743,1,
9744,1,
9745,1,
9758,1,
9759,1,
9760,1,
9761,1,
9738,1,
9786,1,
9798,1,
9806,1,
9810,1,
9813,1,
9814,1,
9821,1,
10181,1,
9837,1,
9838,1,
9845,1,
9847,1,
9848,1,
9849,1,
9850,1,
9851,1,
9853,1,
9854,1,
9855,1,
9856,1,
9858,1,
9859,1,
9863,1,
9955,1,
9957,1,
9973,1,
9974,1,
10007,1,
10008,1,
10010,1,
10004,1,
10018,1,
10033,1,
10048,1,
10050,1,
10144,1,
10145,1,
10167,1,
10111,1,
10190,1,
10191,1,
10238,1,
10239,1,
10240,1,
10183,1,
10227,1,
10229,1,
10257,1,
10263,1,
10288,1,
10289,1,
10284,1,
10308,1,
10311,1,
10327,1,
10330,1,
10343,1,
10345,1,
10362,1,
10353,1,
10381,1,
10382,1,
10385,1,
10390,1,
10394,1,
10395,1,
10397,1,
10435,1,
10465,1,
10415,1,
10476,1,
10477,1,
10478,1,
10499,1,
10524,1,
10507,1,
10511,1,
10554,1,
10570,1,
10578,1,
10560,1,
10591,1,
10598,1,
10599,1,
10615,1,
10610,2,
9193,2,
9122,2,
9011,582,
9012,583,
9015,584,
9025,585,
9027,11,
9407,11,
9368,11,
9035,586,
9044,587,
9043,18,
9045,588,
9048,589,
9049,590,
9050,22,
9051,22,
9424,22,
9056,591,
9057,592,
9060,593,
9061,594,
9065,595,
9002,572,
9360,573,
9071,596,
9075,597,
9079,598,
9087,965,
9089,599,
9091,600,
9092,601,
9093,602,
9094,603,
9095,604,
9099,605,
9106,606,
9108,607,
9111,49,
9113,608,
9123,609,
9134,610,
9138,611,
9140,612,
9142,613,
9370,59,
9317,59,
9438,59,
10357,59,
10073,59,
10042,59,
10043,59,
10025,59,
9880,59,
9881,59,
9939,59,
9920,59,
9146,60,
9164,614,
9169,615,
9170,616,
9173,617,
9174,618,
9178,619,
9179,620,
9181,621,
9186,622,
9187,623,
9188,624,
9194,625,
9196,626,
9198,627,
9207,628,
9208,629,
9209,629,
9217,630,
9216,631,
9218,632,
9220,633,
9221,634,
9544,634,
9224,635,
9227,636,
9228,637,
9229,638,
9230,90,
9232,639,
9239,640,
9240,641,
9242,970,
9254,642,
9258,643,
9266,644,
9268,104,
9425,104,
9417,104,
9804,104,
9272,645,
9273,646,
9278,647,
9281,648,
9282,649,
9283,650,
9284,651,
9285,652,
9289,653,
9297,654,
9305,655,
9307,118,
10214,118,
9308,656,
9309,656,
9310,657,
9315,658,
9316,659,
9325,660,
9328,661,
9332,662,
9333,663,
9340,664,
9346,665,
9349,137,
9552,137,
9533,137,
9750,137,
9751,137,
9753,137,
9754,137,
9868,137,
9352,666,
9255,667,
9299,668,
9296,669,
9362,670,
9158,671,
9159,967,
9827,579,
9778,578,
9162,673,
9163,674,
9374,675,
9380,676,
9384,677,
9414,160,
9415,161,
9419,678,
9427,679,
9429,680,
9430,574,
9437,681,
9439,682,
9441,683,
9449,684,
9453,575,
9456,685,
9477,686,
9478,687,
9479,688,
9481,689,
9482,689,
9497,690,
9500,691,
9501,182,
10339,182,
9506,692,
9515,693,
9521,694,
9522,695,
9523,696,
9524,697,
9526,698,
9527,699,
9528,969,
9529,193,
9530,701,
9532,196,
9535,197,
9545,197,
9572,197,
9536,702,
9539,703,
9546,704,
9547,705,
9548,706,
9549,707,
9550,708,
9553,206,
9556,709,
9558,710,
9563,711,
9565,712,
9578,713,
9579,714,
9580,715,
9581,716,
9582,717,
9587,217,
9588,217,
10439,217,
9592,718,
9593,719,
9594,720,
9596,721,
9598,722,
9602,723,
9610,724,
9611,725,
9614,726,
9620,727,
9376,728,
9144,237,
9950,237,
9644,729,
9167,730,
9650,246,
9652,247,
9654,731,
9655,249,
9656,249,
9657,249,
9658,249,
9659,249,
9675,732,
9356,251,
9688,733,
9689,734,
9690,255,
9698,735,
9704,736,
9705,737,
9708,738,
9712,739,
9713,740,
9714,741,
9716,742,
9717,743,
9719,744,
9721,745,
9725,746,
9739,747,
9748,748,
9749,749,
9756,750,
9763,576,
9764,577,
9767,751,
9768,752,
9771,753,
9775,754,
9701,821,
10063,821,
9342,755,
9131,756,
9110,757,
9072,758,
9004,759,
9021,760,
9241,761,
9782,762,
9811,763,
9812,764,
9817,765,
9797,766,
9818,767,
9822,302,
9823,768,
9828,769,
9834,770,
9842,771,
9852,772,
9857,773,
9862,774,
9866,580,
9867,581,
9875,775,
9876,776,
9879,777,
10370,778,
9924,779,
9928,780,
9405,781,
9943,782,
9946,783,
9377,784,
9977,785,
9984,786,
9985,787,
9996,788,
10000,789,
10003,968,
9344,791,
10016,792,
10020,793,
10026,794,
10027,795,
10028,796,
10029,797,
10035,798,
10036,799,
10038,800,
10041,801,
10044,802,
10045,803,
10046,804,
10049,805,
10051,806,
10060,807,
9029,808,
9026,809,
9177,810,
9531,811,
9100,357,
9125,357,
10177,357,
10072,358,
9907,812,
10117,360,
10141,813,
10147,814,
10150,815,
10166,366,
9615,816,
10168,368,
10173,817,
10175,818,
9222,819,
10178,372,
9126,820,
9141,821,
9161,822,
10179,823,
9703,824,
9736,825,
10186,826,
10188,827,
9334,828,
9335,828,
9304,829,
10194,386,
10195,386,
10196,830,
10200,831,
10202,832,
10209,833,
10210,834,
9564,835,
9280,836,
10219,837,
10232,838,
10243,839,
9589,840,
9770,841,
10244,399,
10245,842,
10248,843,
10249,844,
9396,845,
9382,405,
10253,406,
10254,846,
10256,847,
10258,848,
10262,849,
10265,850,
10267,412,
10212,412,
10269,851,
10270,852,
10273,853,
10274,854,
10276,855,
10277,418,
10278,856,
10283,857,
10285,858,
10286,859,
10287,860,
10290,861,
10293,862,
10296,863,
10299,864,
10302,865,
10303,866,
10306,867,
10309,434,
9989,434,
9990,434,
9992,868,
10070,436,
10310,869,
10312,870,
10314,871,
10316,872,
10321,973,
10322,975,
10323,875,
10324,876,
10337,877,
10340,452,
10347,452,
10349,452,
10341,878,
10352,879,
10355,880,
10358,881,
10359,882,
10360,883,
10363,884,
10364,885,
10365,464,
10366,886,
10005,887,
10368,888,
9929,889,
10377,890,
10380,891,
10383,472,
10387,892,
10165,966,
10399,894,
10401,476,
10466,476,
10403,895,
10406,896,
10409,897,
10428,898,
10429,899,
9780,900,
9692,901,
9225,902,
10440,972,
10454,904,
10463,905,
9277,906,
10467,907,
10471,908,
9260,909,
10473,910,
9766,911,
9076,912,
9358,913,
10475,914,
10479,498,
10480,498,
10481,498,
10464,915,
9983,916,
10488,917,
10492,918,
10482,919,
10494,920,
9765,921,
9779,922,
9617,923,
10491,924,
10490,510,
9038,925,
10503,926,
10513,513,
10516,927,
10518,515,
10523,516,
9686,517,
10529,518,
9321,518,
10320,971,
10531,974,
9320,928,
9935,976,
10537,524,
10540,930,
10543,931,
9869,964,
9627,932,
10550,933,
9267,934,
10555,532,
10556,533,
10557,534,
9096,935,
10294,936,
10412,937,
10558,938,
10559,939,
10561,940,
10567,941,
10568,942,
10569,943,
10581,944,
10582,945,
10583,946,
10584,947,
10585,948,
10586,949,
10588,950,
10589,951,
10595,952,
10596,556,
10601,953,
10602,954,
10611,955,
10613,956,
9613,956,
9877,562,
9805,957,
10614,958,
9829,959,
9355,960,
9314,961,
10304,962,
10617,963,
10618,570,
10619,571,
10621,977,
10622,978,
10631,979,
10635,1,
10637,980,
10638,981,
11000,1,
11013,1,
11014,1,
11017,1,
11031,1,
11036,1,
11037,1,
11080,1,
11084,1,
11086,1,
11039,1,
11077,1,
11078,1,
11117,1,
11120,1,
11133,1,
11135,1,
11137,1,
11147,1,
11148,1,
11149,1,
11151,1,
11180,1,
11189,1,
11185,1,
11210,1,
11211,1,
11219,1,
11234,1,
11235,1,
11236,1,
11237,1,
11238,1,
11261,1,
11262,1,
11264,1,
11249,1,
11257,1,
11286,1,
11287,1,
11288,1,
11290,1,
11291,1,
11292,1,
11375,1,
11421,1,
11432,1,
11433,1,
11435,1,
11436,1,
11457,1,
11458,1,
11459,1,
11473,1,
11475,1,
11476,1,
11503,1,
11504,1,
11505,1,
11428,1,
11509,1,
11516,1,
11519,1,
11541,1,
11542,1,
11543,1,
11534,1,
11537,1,
11554,1,
11555,1,
11557,1,
11568,1,
11569,1,
11570,1,
11573,1,
11574,1,
11585,1,
11586,1,
11603,1,
11561,1,
11636,1,
11638,1,
11649,1,
11709,1,
11710,1,
11711,1,
11715,1,
11720,1,
11727,1,
11735,1,
11741,1,
11743,1,
11744,1,
11745,1,
11758,1,
11759,1,
11760,1,
11761,1,
11738,1,
11786,1,
11798,1,
11806,1,
11810,1,
11813,1,
11814,1,
11821,1,
12181,1,
11837,1,
11838,1,
11845,1,
11847,1,
11848,1,
11849,1,
11850,1,
11851,1,
11853,1,
11854,1,
11855,1,
11856,1,
11858,1,
11859,1,
11863,1,
11955,1,
11957,1,
11973,1,
11974,1,
12007,1,
12008,1,
12010,1,
12004,1,
12018,1,
12033,1,
12048,1,
12050,1,
12144,1,
12145,1,
12167,1,
12111,1,
12190,1,
12191,1,
12238,1,
12239,1,
12240,1,
12183,1,
12227,1,
12229,1,
12257,1,
12263,1,
12288,1,
12289,1,
12284,1,
12308,1,
12311,1,
12327,1,
12330,1,
12343,1,
12345,1,
12362,1,
12353,1,
12381,1,
12382,1,
12385,1,
12390,1,
12394,1,
12395,1,
12397,1,
12435,1,
12465,1,
12415,1,
12476,1,
12477,1,
12478,1,
12499,1,
12524,1,
12507,1,
12511,1,
12554,1,
12570,1,
12578,1,
12560,1,
12591,1,
12598,1,
12599,1,
12615,1,
12610,2,
11193,2,
11122,2,
11011,582,
11012,583,
11015,584,
11025,585,
11027,11,
11407,11,
11368,11,
11035,586,
11044,587,
11043,18,
11045,588,
11048,589,
11049,590,
11050,989,
11051,22,
11424,22,
11056,591,
11057,592,
11060,593,
11061,594,
11065,595,
11002,572,
11360,573,
11071,596,
11075,597,
11079,598,
11087,965,
11089,599,
11091,600,
11092,601,
11093,602,
11094,603,
11095,604,
11099,605,
11106,606,
11108,607,
11111,49,
11113,608,
11123,609,
11134,610,
11138,611,
11140,612,
11142,613,
11370,59,
11317,59,
11438,59,
12357,59,
12073,59,
12042,59,
12043,59,
12025,59,
11880,59,
11881,59,
11939,59,
11920,59,
11146,60,
11164,614,
11169,615,
11170,616,
11173,617,
11174,618,
11178,619,
11179,620,
11181,621,
11186,622,
11187,623,
11188,624,
11194,625,
11196,626,
11198,627,
11207,628,
11208,629,
11209,629,
11217,630,
11216,631,
11218,632,
11220,633,
11221,634,
11544,634,
11224,635,
11227,636,
11228,637,
11229,638,
11230,90,
11232,639,
11239,640,
11240,641,
11242,970,
11254,642,
11258,643,
11266,644,
11268,104,
11425,934,
11417,104,
11804,104,
11272,645,
11273,646,
11278,647,
11281,648,
11282,649,
11283,650,
11284,651,
11285,652,
11289,653,
11297,654,
11305,655,
11307,118,
12214,118,
11308,656,
11309,656,
11310,657,
11315,658,
11316,659,
11325,660,
11328,661,
11332,662,
11333,663,
11340,664,
11346,665,
11349,137,
11552,137,
11533,137,
11750,137,
11751,137,
11753,137,
11754,137,
11868,137,
11352,666,
11255,667,
11299,668,
11296,669,
11362,670,
11158,671,
11159,967,
11827,984,
11778,578,
11162,673,
11163,674,
11374,675,
11380,676,
11384,677,
11414,160,
11415,161,
11419,678,
11427,679,
11429,680,
11430,574,
11437,681,
11439,682,
11441,683,
11449,684,
11453,575,
11456,685,
11477,686,
11478,687,
11479,688,
11481,689,
11482,689,
11497,690,
11500,691,
11501,182,
12339,182,
11506,692,
11515,693,
11521,694,
11522,695,
11523,696,
11524,697,
11526,698,
11527,699,
11528,969,
11529,193,
11530,701,
11532,196,
11535,197,
11545,197,
11572,197,
11536,702,
11539,703,
11546,704,
11547,705,
11548,706,
11549,707,
11550,708,
11553,206,
11556,709,
11558,710,
11563,711,
11565,712,
11578,713,
11579,714,
11580,715,
11581,716,
11582,717,
11587,217,
11588,217,
12439,217,
11592,718,
11593,719,
11594,720,
11596,721,
11598,722,
11602,723,
11610,724,
11611,725,
11614,726,
11620,727,
11376,986,
11144,237,
11950,237,
11644,729,
11167,730,
11650,246,
11652,247,
11654,731,
11655,249,
11656,249,
11657,249,
11658,249,
11659,249,
11675,983,
11356,251,
11688,733,
11689,734,
11690,255,
11698,735,
11704,736,
11705,737,
11708,738,
11712,739,
11713,740,
11714,741,
11716,742,
11717,743,
11719,744,
11721,745,
11725,746,
11739,747,
11748,748,
11749,749,
11756,750,
11763,576,
11764,577,
11767,751,
11768,752,
11771,753,
11775,754,
11701,821,
12063,821,
11342,755,
11131,756,
11110,757,
11072,982,
11004,759,
11021,760,
11241,761,
11782,762,
11811,763,
11812,764,
11817,765,
11797,766,
11818,767,
11822,302,
11823,768,
11828,769,
11834,770,
11842,771,
11852,772,
11857,773,
11862,774,
11866,580,
11867,581,
11875,775,
11876,776,
11879,777,
12370,778,
11924,779,
11928,780,
11405,781,
11943,782,
11946,783,
11377,784,
11977,785,
11984,786,
11985,787,
11996,788,
12000,789,
12003,968,
11344,791,
12016,792,
12020,793,
12026,794,
12027,795,
12028,796,
12029,797,
12035,798,
12036,799,
12038,800,
12041,801,
12044,802,
12045,803,
12046,804,
12049,805,
12051,806,
12060,807,
11029,808,
11026,809,
11177,810,
11531,811,
11100,357,
11125,357,
12177,357,
12072,358,
11907,812,
12117,360,
12141,813,
12147,814,
12150,815,
12166,366,
11615,816,
12168,368,
12173,817,
12175,818,
11222,819,
12178,372,
11126,820,
11141,821,
11161,822,
12179,823,
11703,824,
11736,825,
12186,826,
12188,827,
11334,828,
11335,828,
11304,829,
12194,386,
12195,386,
12196,830,
12200,831,
12202,832,
12209,833,
12210,834,
11564,835,
11280,836,
12219,837,
12232,838,
12243,839,
11589,840,
11770,841,
12244,399,
12245,842,
12248,843,
12249,844,
11396,845,
11382,405,
12253,406,
12254,846,
12256,847,
12258,848,
12262,849,
12265,850,
12267,412,
12212,412,
12269,851,
12270,852,
12273,853,
12274,854,
12276,855,
12277,418,
12278,856,
12283,857,
12285,858,
12286,859,
12287,860,
12290,861,
12293,862,
12296,863,
12299,864,
12302,865,
12303,866,
12306,867,
12309,434,
11989,434,
11990,434,
11992,868,
12070,436,
12310,869,
12312,870,
12314,871,
12316,872,
12321,973,
12322,975,
12323,875,
12324,876,
12337,877,
12340,452,
12347,452,
12349,452,
12341,878,
12352,879,
12355,880,
12358,881,
12359,882,
12360,883,
12363,884,
12364,885,
12365,464,
12366,886,
12005,887,
12368,888,
11929,889,
12377,890,
12380,891,
12383,472,
12387,892,
12165,966,
12399,894,
12401,476,
12466,476,
12403,895,
12406,896,
12409,897,
12428,898,
12429,899,
11780,900,
11692,901,
11225,902,
12440,972,
12454,904,
12463,905,
11277,906,
12467,907,
12471,908,
11260,909,
12473,910,
11766,911,
11076,912,
11358,913,
12475,914,
12479,498,
12480,498,
12481,498,
12464,915,
11983,916,
12488,917,
12492,918,
12482,919,
12494,920,
11765,921,
11779,922,
11617,923,
12491,985,
12490,987,
11038,925,
12503,926,
12513,513,
12516,927,
12518,515,
12523,516,
11686,517,
12529,518,
11321,518,
12320,971,
12531,974,
19000,1,
11320,928,
11935,976,
12537,524,
12540,930,
12543,931,
11869,964,
11627,932,
12550,933,
11267,934,
12555,532,
12556,533,
12557,534,
11096,935,
12294,936,
12412,937,
12558,938,
12559,939,
12561,940,
12567,941,
12568,942,
12569,943,
12581,944,
12582,945,
12583,946,
12584,947,
12585,948,
12586,949,
12588,950,
12589,951,
12595,952,
12596,556,
12601,953,
12602,954,
12611,955,
12613,956,
11613,956,
11877,562,
11805,957,
12614,958,
11829,959,
11355,960,
11314,961,
12304,962,
12617,963,
12618,988,
12619,571,
12621,977,
12622,978,
12631,979,
12635,1,
12637,980,
12638,981,
12640,990,
12647,991,
12649,992,
12651,993,
12652,994,
12653,995,
12654,996,
12655,997,
12656,998,
12657,999,
12658,1000,
12659,1001,
12660,1002,
12661,1003,
12662,1004,
12678,1005,
12679,1006,
12682,1007,
12683,1008,
12694,1009,
12700,1010,
12701,1011,
12709,1012,
12710,1013,
12714,1014,
12719,1015,
12720,1016,
12721,1017,
12723,1018,
12730,1019,
12734,1020,
12736,1021,
12702,1,
12707,1,
12732,1,
12743,1,
12744,1,
19013,1,
19014,1,
19017,1,
19031,1,
19036,1,
19037,1,
19080,1,
19084,1,
19086,1,
19039,1,
19077,1,
19078,1,
19117,1,
19120,1,
19133,1,
19135,1,
19137,1,
19147,1,
12698,1,
12742,1,
13000,1,
13013,1,
13014,1,
13017,1,
13031,1,
13036,1,
13037,1,
13080,1,
13084,1,
13086,1,
13039,1,
13077,1,
13078,1,
13117,1,
13120,1,
13133,1,
13135,1,
13137,1,
13147,1,
13148,1,
13149,1,
13151,1,
13180,1,
13189,1,
13185,1,
13210,1,
13211,1,
13219,1,
13234,1,
13235,1,
13236,1,
13237,1,
13238,1,
13261,1,
13262,1,
13264,1,
13249,1,
13257,1,
13286,1,
13287,1,
13288,1,
13290,1,
13291,1,
13292,1,
13375,1,
13421,1,
13432,1,
13433,1,
13435,1,
13436,1,
13457,1,
13458,1,
13459,1,
13473,1,
13475,1,
13476,1,
13503,1,
13504,1,
13505,1,
13428,1,
13509,1,
13516,1,
13519,1,
13541,1,
13542,1,
13543,1,
13534,1,
13537,1,
13554,1,
13555,1,
13557,1,
13568,1,
13569,1,
13570,1,
13573,1,
13574,1,
13585,1,
13586,1,
13603,1,
13561,1,
13636,1,
13638,1,
13649,1,
13709,1,
13710,1,
13711,1,
13715,1,
13720,1,
13727,1,
13735,1,
13741,1,
13743,1,
13744,1,
13745,1,
13758,1,
13759,1,
13760,1,
13761,1,
13738,1,
13786,1,
13798,1,
13806,1,
13810,1,
13813,1,
13814,1,
13821,1,
14181,1,
13837,1,
13838,1,
13845,1,
13847,1,
13848,1,
13849,1,
13850,1,
13851,1,
13853,1,
13854,1,
13855,1,
13856,1,
13858,1,
13859,1,
13863,1,
13955,1,
13957,1,
13973,1,
13974,1,
14007,1,
14008,1,
14010,1,
14004,1,
14018,1,
14033,1,
14048,1,
14050,1,
14144,1,
14145,1,
14167,1,
14111,1,
14190,1,
14191,1,
14238,1,
14239,1,
14240,1,
14183,1,
14227,1,
14229,1,
14257,1,
14263,1,
14288,1,
14289,1,
14284,1,
14308,1,
14311,1,
14327,1,
14330,1,
14343,1,
14345,1,
14362,1,
14353,1,
14381,1,
14382,1,
14385,1,
14390,1,
14394,1,
14395,1,
14397,1,
14435,1,
14465,1,
14415,1,
14476,1,
14477,1,
14478,1,
14499,1,
14524,1,
14507,1,
14511,1,
14554,1,
14570,1,
14578,1,
14560,1,
14591,1,
14598,1,
14599,1,
14615,1,
14610,2,
13193,2,
13122,2,
13011,582,
13012,583,
13015,584,
13025,585,
13027,11,
13407,11,
13368,11,
13035,586,
13044,587,
13043,18,
13045,588,
13048,589,
13049,590,
13050,989,
13051,22,
13424,22,
13056,591,
13057,592,
13060,593,
13061,1025,
13065,595,
13002,572,
13360,573,
13071,596,
13075,597,
13079,598,
13087,965,
13089,599,
13091,600,
13092,601,
13093,602,
13094,603,
13095,604,
13099,605,
13106,606,
13108,607,
13111,49,
13113,608,
13123,609,
13134,610,
13138,611,
13140,612,
13142,613,
13370,59,
13317,59,
13438,59,
14357,59,
14073,59,
14042,59,
14043,59,
14025,59,
13880,59,
13881,59,
13939,59,
13920,59,
13146,60,
13164,614,
13169,615,
13170,616,
13173,617,
13174,618,
13178,619,
13179,620,
13181,621,
13186,622,
13187,623,
13188,624,
13194,625,
13196,626,
13198,627,
13207,628,
13208,629,
13209,629,
13217,630,
13216,631,
13218,632,
13220,633,
13221,634,
13544,634,
13224,635,
13227,636,
13228,637,
13229,638,
13230,90,
13232,639,
13239,640,
13240,641,
13242,970,
13254,642,
13258,643,
13266,644,
13268,104,
13425,934,
13417,104,
13804,104,
13272,645,
13273,646,
13278,647,
13281,648,
13282,649,
13283,650,
13284,651,
13285,652,
13289,653,
13297,654,
13305,655,
13307,118,
14214,118,
13308,656,
13309,656,
13310,657,
13315,658,
13316,659,
13325,660,
13328,661,
13332,662,
13333,663,
13340,664,
13346,665,
13349,137,
13552,137,
13533,137,
13750,137,
13751,137,
13753,137,
13754,137,
13868,137,
13352,666,
13255,667,
13299,668,
13296,669,
13362,670,
13158,671,
13159,967,
13827,984,
13778,578,
13162,673,
13163,674,
13374,1023,
13380,676,
13384,677,
13414,160,
13415,161,
13419,678,
13427,679,
13429,680,
13430,574,
13437,681,
13439,682,
13441,683,
13449,684,
13453,575,
13456,685,
13477,1031,
13478,687,
13479,688,
13481,689,
13482,689,
13497,690,
13500,691,
13501,182,
14339,182,
13506,692,
13515,693,
13521,694,
13522,695,
13523,696,
13524,697,
13526,698,
13527,699,
13528,969,
13529,193,
13530,701,
13532,196,
13535,197,
13545,197,
13572,197,
13536,702,
13539,703,
13546,704,
13547,705,
13548,706,
13549,707,
13550,708,
13553,206,
13556,709,
13558,710,
13563,711,
13565,712,
13578,713,
13579,714,
13580,715,
13581,716,
13582,717,
13587,217,
13588,217,
14439,217,
13592,1022,
13593,1029,
13594,720,
13596,721,
13598,722,
13602,723,
13610,724,
13611,725,
13614,726,
13620,727,
13376,986,
13144,237,
13950,237,
13644,729,
13167,730,
13650,246,
13652,247,
13654,731,
13655,249,
13656,249,
13657,249,
13658,249,
13659,249,
13675,983,
13356,251,
13688,733,
13689,734,
13690,255,
13698,735,
13704,736,
13705,737,
13708,738,
13712,739,
13713,740,
13714,741,
13716,742,
13717,743,
13719,744,
13721,745,
13725,746,
13739,747,
13748,748,
13749,749,
13756,750,
13763,576,
13764,577,
13767,751,
13768,752,
13771,753,
13775,754,
13701,821,
14063,821,
13342,755,
13131,756,
13110,757,
13072,982,
13004,759,
13021,760,
13241,761,
13782,762,
13811,763,
13812,764,
13817,765,
13797,766,
13818,767,
13822,302,
13823,768,
13828,769,
13834,770,
13842,771,
13852,772,
13857,773,
13862,774,
13866,580,
13867,581,
13875,775,
13876,776,
13879,777,
14370,778,
13924,779,
13928,780,
13405,781,
13943,782,
13946,783,
13377,784,
13977,785,
13984,786,
13985,787,
13996,788,
14000,789,
14003,968,
13344,791,
14016,792,
14020,793,
14026,794,
14027,795,
14028,796,
14029,797,
14035,798,
14036,799,
14038,800,
14041,801,
14044,802,
14045,803,
14046,804,
14049,805,
14051,806,
14060,807,
13029,808,
13026,809,
13177,810,
13531,811,
13100,357,
13125,357,
14177,357,
14072,358,
13907,812,
14117,360,
14141,813,
14147,814,
14150,815,
14166,366,
13615,816,
14168,368,
14173,1024,
14175,818,
13222,819,
14178,372,
13126,820,
13141,821,
13161,822,
14179,823,
13703,824,
13736,825,
14186,826,
14188,827,
13334,828,
13335,828,
13304,829,
14194,386,
14195,386,
14196,830,
14200,831,
14202,832,
14209,833,
14210,834,
13564,835,
13280,836,
14219,837,
14232,838,
14243,839,
13589,840,
13770,841,
14244,399,
14245,842,
14248,843,
14249,844,
13396,845,
13382,405,
14253,406,
14254,846,
14256,847,
14258,848,
14262,849,
14265,850,
14267,412,
14212,412,
14269,851,
14270,852,
14273,853,
14274,854,
14276,855,
14277,418,
14278,1026,
14283,857,
14285,858,
14286,859,
14287,860,
14290,861,
14293,862,
14296,863,
14299,864,
14302,865,
14303,866,
14306,867,
14309,434,
13989,434,
13990,434,
13992,868,
14070,436,
14310,869,
14312,870,
14314,871,
14316,872,
14321,973,
14322,975,
14323,875,
14324,876,
14337,877,
14340,452,
14347,452,
14349,452,
14341,878,
14352,879,
14355,880,
14358,881,
14359,882,
14360,883,
14363,884,
14364,885,
14365,464,
14366,886,
14005,887,
14368,888,
13929,889,
14377,890,
14380,891,
14383,472,
14387,892,
14165,1028,
14399,894,
14401,476,
14466,476,
14403,895,
14406,896,
14409,897,
14428,898,
14429,899,
13780,900,
13692,901,
13225,902,
14440,972,
14454,904,
14463,905,
13277,906,
14467,907,
14471,908,
13260,909,
14473,910,
13766,911,
13076,912,
13358,913,
14475,914,
14479,498,
14480,498,
14481,498,
14464,915,
13983,916,
14488,917,
14492,918,
14482,919,
14494,920,
13765,921,
13779,922,
13617,923,
14491,985,
14490,987,
13038,925,
14503,926,
14513,513,
14516,927,
14518,515,
14523,516,
13686,517,
14529,518,
13321,518,
14320,971,
14531,974,
19012,583,
13320,1027,
13935,976,
14537,524,
14540,930,
14543,931,
13869,964,
13627,932,
14550,933,
13267,934,
14555,532,
14556,533,
14557,534,
13096,935,
14294,936,
14412,937,
14558,938,
14559,939,
14561,940,
14567,941,
14568,942,
14569,943,
14581,944,
14582,945,
14583,946,
14584,947,
14585,948,
14586,949,
14588,950,
14589,951,
14595,952,
14596,556,
14601,953,
14602,954,
14611,955,
14613,956,
13613,956,
13877,562,
13805,957,
14614,958,
13829,959,
13355,960,
13314,961,
14304,962,
14617,963,
14618,988,
14619,571,
14621,977,
14622,978,
14631,979,
14635,1,
14637,980,
14638,1030,
14640,990,
14647,991,
14649,992,
14651,993,
14652,994,
14653,995,
14654,996,
14655,997,
14656,998,
14657,999,
14658,1000,
14659,1001,
14660,1002,
14661,1003,
14662,1004,
14678,1005,
14679,1006,
14682,1007,
14683,1008,
14694,1009,
14700,1010,
14701,1011,
14709,1012,
14710,1013,
14714,1014,
14719,1015,
14720,1016,
14721,1017,
14723,1018,
14730,1019,
14734,1020,
14736,1021,
14702,1,
14707,1,
14732,1,
14743,1,
14744,1,
14698,1,
14742,1,
14794,1032,
14771,1033,
14795,1034,
14817,1035,
14796,1036,
14798,1037,
19015,584,
19025,585,
19027,11,
19407,11,
19368,11,
19035,586,
19044,587,
19043,1159,
19045,588,
19048,589,
19049,590,
19050,1131,
19051,1131,
19424,1131,
19056,591,
19057,592,
19060,593,
19061,1160,
14846,1038,
14799,1039,
14847,1040,
14772,1041,
14836,1042,
14775,1043,
14797,1044,
14776,1045,
14849,1046,
14851,1047,
14800,1048,
14779,1049,
14802,1050,
14824,1051,
14780,1052,
14753,1053,
14781,1054,
14803,1055,
14832,1056,
14833,1057,
14834,1058,
14835,1059,
14804,1060,
14783,1061,
14790,1062,
14805,1063,
14806,1064,
14807,1065,
14808,1066,
14784,1067,
14758,1068,
14809,1069,
14810,1070,
14785,1071,
14841,1072,
14812,1073,
14813,1074,
14814,1075,
14792,1076,
14788,1077,
14793,1078,
14759,1079,
14878,1080,
14852,1081,
14866,1082,
14864,1083,
14777,1084,
14845,1085,
14751,1086,
14853,1087,
14848,1088,
14773,1089,
14762,1090,
14763,1091,
14778,1092,
14867,1093,
14801,1094,
14855,1095,
14856,1096,
14869,1097,
14870,1098,
14857,1099,
14872,1100,
14873,1101,
14858,1102,
14854,1103,
14768,1104,
14811,1105,
14865,1106,
14786,1107,
14774,1108,
14859,1109,
14860,1110,
14748,1111,
14886,1112,
14843,1113,
14747,1114,
14883,1,
14884,1,
14844,1,
14887,1,
14746,1,
15000,1,
15013,1,
15014,1,
15017,1,
15031,1,
15036,1,
15037,1,
15080,1,
15084,1,
15086,1,
15039,1,
15077,1,
15078,1,
15117,1,
15120,1,
15133,1,
15135,1,
15137,1,
15147,1,
15148,1,
15149,1,
15151,1,
15180,1,
15189,1,
15185,1,
15210,1,
15211,1,
15219,1,
15234,1,
15235,1,
15236,1,
15237,1,
15238,1,
15261,1,
15262,1,
15264,1,
15249,1,
15257,1,
15286,1,
15287,1,
15288,1,
15290,1,
15291,1,
15292,1,
15375,1,
15421,1,
15432,1,
15433,1,
15435,1,
15436,1,
15457,1,
15458,1,
15459,1,
15473,1,
15475,1,
15476,1,
15503,1,
15504,1,
15505,1,
15428,1,
15509,1,
15516,1,
15519,1,
15541,1,
15542,1,
15543,1,
15534,1,
15537,1,
15554,1,
15555,1,
15557,1,
15568,1,
15569,1,
15570,1,
15573,1,
15574,1,
15585,1,
15586,1,
15603,1,
15561,1,
15636,1,
15638,1,
15649,1,
15709,1,
15710,1,
15711,1,
15715,1,
15720,1,
15727,1,
15735,1,
15741,1,
15743,1,
15744,1,
15745,1,
15758,1,
15759,1,
15760,1,
15761,1,
15738,1,
15786,1,
15798,1,
15806,1,
15810,1,
15813,1,
15814,1,
15821,1,
16181,1,
15837,1,
15838,1,
15845,1,
15847,1,
15848,1,
15849,1,
15850,1,
15851,1,
15853,1,
15854,1,
15855,1,
15856,1,
15858,1,
15859,1,
15863,1,
15955,1,
15957,1,
15973,1,
15974,1,
16007,1,
16008,1,
16010,1,
16004,1,
16018,1,
16033,1,
16048,1,
16050,1,
16144,1,
16145,1,
16167,1,
16111,1,
16190,1,
16191,1,
16238,1,
16239,1,
16240,1,
16183,1,
16227,1,
16229,1,
16257,1,
16263,1,
16288,1,
16289,1,
16284,1,
16308,1,
16311,1,
16327,1,
16330,1,
16343,1,
16345,1,
16362,1,
16353,1,
16381,1,
16382,1,
16385,1,
16390,1,
16394,1,
16395,1,
16397,1,
16435,1,
16465,1,
16415,1,
16476,1,
16477,1,
16478,1,
16499,1,
16524,1,
16507,1,
16511,1,
16554,1,
16570,1,
16578,1,
16560,1,
16591,1,
16598,1,
16599,1,
16615,1,
16610,2,
15193,2,
15122,2,
15011,582,
15012,583,
15015,584,
15025,585,
15027,11,
15407,11,
15368,11,
15035,586,
15044,587,
15043,18,
15045,588,
15048,589,
15049,590,
15050,1131,
15051,1131,
15424,1131,
15056,591,
15057,592,
15060,593,
15061,1025,
15065,595,
15002,572,
15360,573,
15071,596,
15075,597,
15079,598,
15087,1120,
15089,599,
15091,600,
15092,601,
15093,602,
15094,603,
15095,604,
15099,605,
15106,606,
15108,607,
15111,49,
15113,608,
15123,609,
15134,610,
15138,1118,
15140,612,
15142,613,
15370,1130,
15317,1130,
15438,1130,
16357,1130,
16073,1130,
16042,1130,
16043,1130,
16025,1130,
15880,1130,
15881,1130,
15939,1130,
15920,1130,
15146,60,
15164,614,
15169,615,
15170,616,
15173,617,
15174,618,
15178,619,
15179,620,
15181,621,
15186,622,
15187,623,
15188,624,
15194,625,
15196,626,
15198,627,
15207,628,
15208,629,
15209,629,
15217,630,
15216,631,
15218,632,
15220,633,
15221,634,
15544,634,
15224,635,
15227,636,
15228,637,
15229,638,
15230,90,
15232,639,
15239,640,
15240,641,
15242,1124,
15254,642,
15258,643,
15266,644,
15268,104,
15425,934,
15417,104,
15804,104,
15272,645,
15273,646,
15278,647,
15281,648,
15282,649,
15283,650,
15284,651,
15285,652,
15289,653,
15297,654,
15305,655,
15307,118,
16214,118,
15308,656,
15309,656,
15310,657,
15315,658,
15316,659,
15325,660,
15328,661,
15332,662,
15333,663,
15340,664,
15346,665,
15349,137,
15552,137,
15533,137,
15750,137,
15751,137,
15753,137,
15754,137,
15868,137,
15352,666,
15255,667,
15299,668,
15296,669,
15362,670,
15158,671,
15159,967,
15827,1122,
15778,578,
15162,673,
15163,674,
15374,1023,
15380,676,
15384,677,
15414,160,
15415,161,
15419,678,
15427,679,
15429,680,
15430,574,
15437,1126,
15439,682,
15441,683,
15453,575,
15456,685,
15477,1031,
15478,687,
15479,688,
15481,689,
15482,689,
15497,690,
15500,691,
15501,182,
16339,182,
15506,692,
15515,693,
15521,694,
15522,695,
15523,696,
15524,697,
15526,698,
15527,699,
15528,1121,
15529,193,
15530,701,
15532,196,
15535,197,
15545,197,
15572,197,
15536,702,
15539,703,
15546,704,
15547,705,
15548,706,
15549,707,
15550,708,
15553,206,
15556,709,
15558,710,
15563,711,
15565,712,
15578,713,
15579,714,
15580,715,
15581,716,
15582,717,
15587,217,
15588,217,
16439,217,
15592,1022,
15593,1029,
15594,720,
15596,721,
15598,722,
15602,723,
15610,724,
15611,725,
15614,726,
15620,727,
15376,986,
15144,237,
15950,237,
15644,729,
15167,1119,
15650,246,
15652,247,
15654,731,
15655,249,
15656,249,
15657,249,
15658,249,
15659,249,
15675,983,
15356,251,
15688,733,
15689,734,
15690,255,
15698,735,
15704,736,
15705,737,
15708,738,
15712,739,
15713,740,
15714,741,
15716,742,
15717,743,
15719,744,
15721,745,
15725,746,
15739,747,
15748,748,
15749,749,
15756,750,
15763,576,
15764,577,
15767,751,
15768,752,
15771,753,
15775,754,
15701,821,
16063,1115,
15342,755,
15131,756,
15110,757,
15072,982,
15004,759,
15021,760,
15241,761,
15782,762,
15811,763,
15812,764,
15817,765,
15797,766,
15818,767,
15822,302,
15823,768,
15828,769,
15834,770,
15842,771,
15852,772,
15857,773,
15862,774,
15866,580,
15867,581,
15875,775,
15876,776,
15879,777,
16370,778,
15924,779,
15928,780,
15405,781,
15943,782,
15946,783,
15377,784,
15977,785,
15984,786,
15985,787,
15996,788,
16000,789,
16003,968,
15344,791,
16016,792,
16020,793,
16026,794,
16027,795,
16028,796,
16029,797,
16035,798,
16036,799,
16038,800,
16041,801,
16044,802,
16045,803,
16046,804,
16049,805,
16051,806,
16060,807,
15029,808,
15026,809,
15177,810,
15531,811,
15100,357,
15125,357,
16177,357,
16072,358,
15907,812,
16117,360,
16141,813,
16147,814,
16150,815,
16166,366,
15615,816,
16168,368,
16173,1024,
16175,818,
15222,819,
16178,372,
15126,820,
15141,821,
15161,822,
16179,823,
15703,824,
15736,825,
16186,826,
16188,827,
15334,828,
15335,828,
15304,829,
16194,386,
16195,386,
16196,830,
16200,831,
16202,832,
16209,833,
16210,834,
15564,835,
15280,836,
16219,837,
16232,838,
16243,839,
15589,840,
15770,841,
16244,399,
16245,842,
16248,843,
16249,844,
15396,845,
15382,405,
16253,406,
16254,846,
16256,847,
16258,1116,
16262,849,
16265,850,
16267,412,
16212,412,
16269,851,
16270,852,
16273,853,
16274,854,
16276,855,
16277,418,
16278,1026,
16283,857,
16285,858,
16286,859,
16287,860,
16290,861,
16293,862,
16296,863,
16299,864,
16302,865,
16303,866,
16306,867,
16309,434,
15989,434,
15990,434,
15992,868,
16070,436,
16310,869,
16312,870,
16314,871,
16316,872,
16321,973,
16322,975,
16323,1117,
16324,876,
16337,877,
16340,452,
16347,452,
16349,452,
16341,878,
16352,879,
16355,880,
16358,881,
16359,882,
16360,883,
16363,884,
16364,885,
16365,464,
16366,886,
16005,887,
16368,888,
15929,889,
16377,890,
16380,891,
16383,472,
16387,892,
16165,1028,
16399,894,
16401,476,
16466,476,
16403,895,
16406,896,
16409,897,
16428,898,
16429,899,
15780,900,
15692,901,
15225,1123,
16440,972,
16454,904,
16463,905,
15277,906,
16467,907,
16471,908,
15260,1125,
16473,910,
15766,911,
15076,912,
15358,913,
16475,914,
16479,498,
16480,498,
16481,498,
16464,915,
15983,916,
16488,917,
16492,918,
16482,919,
16494,920,
15765,921,
15779,922,
15617,923,
16491,985,
16490,1133,
15038,925,
16503,926,
16513,513,
16516,927,
16518,515,
16523,516,
15686,517,
16529,518,
15321,518,
16320,971,
16531,974,
15320,1027,
15935,976,
16537,524,
16540,930,
16543,931,
15869,964,
15627,932,
16550,933,
15267,934,
16555,532,
16556,533,
16557,534,
15096,935,
16294,936,
16412,937,
16558,938,
16559,939,
16561,940,
16567,941,
16568,942,
16569,943,
16581,944,
16582,945,
16583,946,
16584,947,
16585,948,
16586,949,
16588,950,
16589,951,
16595,952,
16596,556,
16601,953,
16602,954,
16611,955,
16613,956,
15613,956,
15877,562,
15805,957,
16614,958,
15829,959,
15355,960,
15314,961,
16304,962,
16617,963,
16618,1132,
16619,571,
16621,977,
16622,978,
16631,979,
16635,1,
16637,980,
16638,1134,
16640,990,
16647,991,
16649,992,
16651,993,
16652,994,
16653,995,
16654,996,
16655,997,
16656,998,
16657,999,
16658,1000,
16659,1001,
16660,1002,
16661,1003,
16662,1004,
16678,1005,
16679,1006,
16682,1007,
16683,1008,
16694,1009,
16700,1010,
16701,1011,
16709,1012,
16710,1013,
16714,1014,
16719,1015,
16720,1016,
16721,1017,
16723,1018,
16730,1019,
16734,1020,
16736,1021,
16702,1,
16707,1,
16732,1,
16743,1,
16744,1,
16698,1,
16742,1,
16794,1032,
16771,1033,
16795,1034,
16817,1035,
16796,1036,
16798,1037,
16846,1038,
16799,1039,
16847,1040,
16772,1041,
16836,1042,
16775,1043,
16797,1044,
16776,1045,
16849,1046,
16851,1047,
16800,1048,
16779,1049,
16802,1050,
16824,1051,
16780,1052,
16753,1053,
16781,1054,
16803,1055,
16832,1056,
16833,1057,
16834,1058,
16835,1059,
16804,1060,
16783,1061,
16790,1062,
16805,1063,
16806,1064,
16807,1065,
16808,1066,
16784,1067,
16758,1068,
16809,1069,
16810,1070,
16785,1071,
16841,1072,
16812,1073,
16813,1074,
16814,1075,
16792,1076,
16788,1077,
16793,1078,
16759,1079,
16878,1080,
16852,1081,
16866,1082,
16864,1083,
16777,1084,
16845,1085,
16751,1086,
16853,1087,
16848,1088,
16773,1089,
16762,1090,
16763,1091,
16778,1092,
16867,1093,
16801,1094,
16855,1095,
16856,1096,
16869,1097,
16870,1098,
16857,1099,
16872,1100,
16873,1101,
16858,1102,
16854,1103,
16768,1104,
16811,1105,
16865,1106,
16786,1107,
16774,1108,
16859,1109,
16860,1110,
16748,1111,
16886,1112,
16843,1113,
16747,1114,
16883,1,
16884,1,
16844,1,
16887,1,
16746,1,
16895,1127,
16894,1128,
16896,1129,
17000,1,
17013,1,
17014,1,
17017,1,
17031,1,
17036,1,
17037,1,
17080,1,
17084,1,
17086,1,
17039,1,
17077,1,
17078,1,
17117,1,
17120,1,
17133,1,
17135,1,
17137,1,
17147,1,
17148,1,
17149,1,
17151,1,
17180,1,
17189,1,
17185,1,
17210,1,
17211,1,
17219,1,
17234,1,
17235,1,
17236,1,
17237,1,
17238,1,
17261,1,
17262,1,
17264,1,
17249,1,
17257,1,
17286,1,
17287,1,
17288,1,
17290,1,
17291,1,
17292,1,
17375,1,
17421,1,
17432,1,
17433,1,
17435,1,
17436,1,
17457,1,
17458,1,
17459,1,
17473,1,
17475,1,
17476,1,
17503,1,
17504,1,
17505,1,
17428,1,
17509,1,
17516,1,
17519,1,
17541,1,
17542,1,
17543,1,
17534,1,
17537,1,
17554,1,
17555,1,
17557,1,
17568,1,
17569,1,
17570,1,
17573,1,
17574,1,
17585,1,
17586,1,
17603,1,
17561,1,
17636,1,
17638,1,
17649,1,
17709,1,
17710,1,
17711,1,
17715,1,
17720,1,
17727,1,
17735,1,
17741,1,
17743,1,
17744,1,
17745,1,
17758,1,
17759,1,
17760,1,
17761,1,
17738,1,
17786,1,
17798,1,
17806,1,
17810,1,
17813,1,
17814,1,
17821,1,
18181,1,
17837,1,
17838,1,
17845,1,
17847,1,
17848,1,
17849,1,
17850,1,
17851,1,
17853,1,
17854,1,
17855,1,
17856,1,
17858,1,
17859,1,
17863,1,
17955,1,
17957,1,
17973,1,
17974,1,
18007,1,
18008,1,
18010,1,
18004,1,
18018,1,
18033,1,
18048,1,
18050,1,
18144,1,
18145,1,
18167,1,
18111,1,
18190,1,
18191,1,
18238,1,
18239,1,
18240,1,
18183,1,
18227,1,
18229,1,
18257,1,
18263,1,
18288,1,
18289,1,
18284,1,
18308,1,
18311,1,
18327,1,
18330,1,
18343,1,
18345,1,
18362,1,
18353,1,
18381,1,
18382,1,
18385,1,
18390,1,
18394,1,
18395,1,
18397,1,
18435,1,
18465,1,
18415,1,
18476,1,
18477,1,
18478,1,
18499,1,
18524,1,
18507,1,
18511,1,
18554,1,
18570,1,
18578,1,
18560,1,
18591,1,
18598,1,
18599,1,
18615,1,
18610,2,
17193,2,
17122,2,
17011,582,
17012,583,
17015,584,
17025,585,
17027,11,
17407,11,
17368,11,
17035,586,
17044,587,
17043,1159,
17045,588,
17048,589,
17049,590,
17050,1131,
17051,1131,
17424,1131,
17056,591,
17057,592,
17060,593,
17061,1025,
17065,595,
17002,572,
17360,573,
17071,596,
17075,597,
17079,598,
17087,1135,
17089,599,
17091,600,
17092,601,
17093,602,
17094,603,
17095,604,
17099,605,
17106,606,
17108,607,
17111,49,
17113,608,
17123,1138,
17134,610,
17138,1118,
17140,612,
17142,613,
17370,1140,
17317,1140,
17438,1140,
18357,1140,
18073,1140,
18042,1140,
18043,1140,
18025,1140,
17880,1140,
17881,1140,
17939,1140,
17920,1140,
17146,1139,
17164,614,
17169,615,
17170,616,
17173,617,
17174,618,
17178,619,
17179,620,
17181,621,
17186,622,
17187,623,
17188,624,
17194,625,
17196,626,
17198,627,
17207,628,
17208,629,
17209,629,
17217,630,
17216,631,
17218,632,
17220,633,
17221,634,
17544,634,
17224,635,
17227,636,
17228,637,
17229,638,
17230,90,
17232,639,
17239,640,
17240,641,
17242,1124,
17254,642,
17258,643,
17266,644,
17268,104,
17425,934,
17417,104,
17804,104,
17272,645,
17273,646,
17278,647,
17281,648,
17282,649,
17283,650,
17284,651,
17285,652,
17289,653,
17297,654,
17305,655,
17307,118,
18214,118,
17308,656,
17309,656,
17310,657,
17315,658,
17316,659,
17325,660,
17328,2,
17332,662,
17333,663,
17340,664,
17346,665,
17349,137,
17552,137,
17533,137,
17750,137,
17751,137,
17753,137,
17754,137,
17868,137,
17352,666,
17255,667,
17299,668,
17296,669,
17362,670,
17158,671,
17159,967,
17827,1122,
17778,578,
17162,673,
17163,674,
17374,1023,
17380,676,
17384,677,
17414,160,
17415,1141,
17419,678,
17427,679,
17429,680,
17430,574,
17437,1142,
17439,682,
17441,683,
17453,575,
17456,685,
17477,1031,
17478,687,
17479,688,
17481,689,
17482,689,
17497,690,
17500,691,
17501,182,
18339,182,
17506,692,
17515,693,
17521,694,
17522,695,
17523,696,
17524,697,
17526,698,
17527,699,
17528,1121,
17529,193,
17530,701,
17532,196,
17535,197,
17545,197,
17572,197,
17536,702,
17539,703,
17546,704,
17547,705,
17548,706,
17549,707,
17550,708,
17553,206,
17556,709,
17558,710,
17563,711,
17565,712,
17578,713,
17579,714,
17580,715,
17581,716,
17582,717,
17587,217,
17588,217,
18439,217,
17592,1022,
17593,1029,
17594,720,
17596,721,
17598,722,
17602,723,
17610,724,
17611,725,
17614,726,
17620,727,
17376,986,
17144,237,
17950,237,
17644,729,
17167,1119,
17650,246,
17652,247,
17654,731,
17655,249,
17656,249,
17657,249,
17658,249,
17659,249,
17675,983,
17356,251,
17688,733,
17689,734,
17690,255,
17698,735,
17704,736,
17705,737,
17708,738,
17712,739,
17713,740,
17714,741,
17716,742,
17717,743,
17719,744,
17721,745,
17725,746,
17739,747,
17748,748,
17749,749,
17756,750,
17763,576,
17764,577,
17767,751,
17768,752,
17771,753,
17775,754,
17701,821,
18063,1144,
17342,755,
17131,756,
17110,1137,
17072,982,
17004,759,
17021,760,
17241,761,
17782,762,
17811,763,
17812,764,
17817,765,
17797,766,
17818,767,
17822,302,
17823,768,
17828,769,
17834,770,
17842,771,
17852,772,
17857,773,
17862,774,
17866,580,
17867,581,
17875,775,
17876,776,
17879,777,
18370,778,
17924,779,
17928,780,
17405,781,
17943,782,
17946,783,
17377,784,
17977,785,
17984,786,
17985,787,
17996,788,
18000,789,
18003,968,
17344,791,
18016,792,
18020,793,
18026,794,
18027,795,
18028,796,
18029,797,
18035,798,
18036,799,
18038,800,
18041,801,
18044,802,
18045,803,
18046,804,
18049,805,
18051,806,
18060,807,
17029,808,
17026,809,
17177,810,
17531,811,
17100,1136,
17125,357,
18177,357,
18072,358,
17907,812,
18117,360,
18141,813,
18147,814,
18150,815,
18166,366,
17615,816,
18168,368,
18173,1024,
18175,818,
17222,819,
18178,372,
17126,820,
17141,821,
17161,822,
18179,823,
17703,824,
17736,825,
18186,826,
18188,827,
17334,828,
17335,828,
17304,829,
18194,386,
18195,386,
18196,830,
18200,831,
18202,832,
18209,833,
18210,834,
17564,835,
17280,836,
18219,837,
18232,838,
18243,839,
17589,840,
17770,841,
18244,399,
18245,842,
18248,843,
18249,844,
17396,845,
17382,405,
18253,1146,
18254,846,
18256,847,
18258,1147,
18262,849,
18265,850,
18267,412,
18212,412,
18269,851,
18270,852,
18273,853,
18274,854,
18276,855,
18277,418,
18278,1026,
18283,857,
18285,858,
18286,859,
18287,860,
18290,861,
18293,862,
18296,863,
18299,864,
18302,865,
18303,866,
18306,867,
18309,434,
17989,434,
17990,434,
17992,868,
18070,436,
18310,869,
18312,870,
18314,871,
18316,872,
18321,973,
18322,975,
18323,1117,
18324,876,
18337,877,
18340,452,
18347,452,
18349,452,
18341,878,
18352,879,
18355,880,
18358,881,
18359,882,
18360,883,
18363,884,
18364,885,
18365,464,
18366,886,
18005,887,
18368,888,
17929,889,
18377,890,
18380,891,
18383,472,
18387,892,
18165,1145,
18399,894,
18401,476,
18466,476,
18403,895,
18406,896,
18409,897,
18428,898,
18429,899,
17780,900,
17692,901,
17225,1123,
18440,972,
18454,904,
18463,905,
17277,906,
18467,907,
18471,908,
17260,1125,
18473,910,
17766,911,
17076,912,
25013,1,
25000,1267,
25091,1268,
25093,1269,
25092,1270,
25008,1,
25071,1271,
25077,1272,
25036,1273,
25079,1274,
25041,1275,
25023,2,
25048,1276,
25062,1277,
25061,1278,
25058,1279,
25047,1280,
25057,1281,
25072,2,
25089,2,
25010,2,
25018,1282,
25019,1283,
25088,1284,
25026,1285,
25043,1286,
25044,1287,
25009,1288,
25015,1289,
25029,1290,
25031,1291,
25032,1292,
25011,1293,
25045,1294,
25022,1295,
25073,1296,
25012,1297,
25075,1298,
25076,1299,
24997,1,
24999,1300,
24998,2,
25034,1301,
25035,1302,
25004,1303,
25007,1304,
25024,1305,
25017,1,
25014,1306,
17358,913,
18475,914,
18479,498,
18480,498,
18481,498,
18464,915,
17983,916,
18488,917,
18492,918,
18482,919,
18494,920,
17765,921,
17779,922,
17617,923,
18491,985,
18490,1148,
17038,925,
18503,926,
18513,513,
18516,927,
18518,515,
18523,516,
17686,517,
18529,518,
17321,518,
18320,971,
18531,974,
19148,1,
17320,1027,
17935,1143,
18537,524,
18540,930,
18543,931,
17869,964,
17627,932,
18550,933,
17267,934,
18555,532,
18556,533,
18557,534,
17096,935,
18294,936,
18412,937,
18558,938,
18559,939,
18561,940,
18567,941,
18568,942,
18569,943,
18581,944,
18582,945,
18583,946,
18584,947,
18585,948,
18586,949,
18588,950,
18589,951,
18595,952,
18596,556,
18601,953,
18602,954,
18611,955,
18613,956,
17613,956,
17877,562,
17805,957,
18614,958,
17829,959,
17355,960,
17314,961,
18304,962,
18617,963,
18618,1149,
18619,571,
18621,1150,
18622,978,
18631,1151,
18635,1,
18637,980,
18638,1152,
18640,990,
18647,991,
18649,1153,
18651,993,
18652,994,
18653,995,
18654,996,
18655,997,
18656,998,
18657,999,
18658,1000,
18659,1001,
18660,1002,
18661,1003,
18662,1004,
18678,1005,
18679,1006,
18682,1007,
18683,1008,
18694,1009,
18700,1010,
18701,1011,
18709,1012,
18710,1013,
18714,1014,
18719,1015,
18720,1016,
18721,1017,
18723,1018,
18730,1019,
18734,1020,
18736,1021,
18702,1,
18707,1,
18732,1,
18743,1,
18744,1,
18698,1,
18742,1,
18794,1032,
18771,1033,
18795,1034,
18817,1035,
18796,1036,
18798,1037,
18846,1038,
18799,1039,
18847,1040,
18772,1041,
18836,1042,
18775,1043,
18797,1044,
18776,1045,
18849,1046,
18851,1047,
18800,1048,
18779,1049,
18802,1050,
18824,1051,
18780,1052,
18753,1053,
18781,1054,
18803,1055,
18832,1056,
18833,1057,
18834,1058,
18835,1059,
18804,1060,
18783,1061,
18790,1062,
18805,1063,
18806,1064,
18807,1065,
18808,1066,
18784,1067,
18758,1068,
18809,1069,
18810,1070,
18785,1071,
18841,1072,
18812,1073,
18813,1074,
18814,1075,
18792,1076,
18788,1077,
18793,1078,
18759,1079,
18878,1080,
18852,1081,
18866,1082,
18864,1083,
18777,1084,
18845,1085,
18751,1086,
18853,1087,
18848,1088,
18773,1089,
18762,1090,
18763,1091,
18778,1092,
18867,1093,
18801,1094,
18855,1095,
18856,1096,
18869,1097,
18870,1098,
18857,1099,
18872,1100,
18873,1101,
18858,1102,
18854,1103,
18768,1104,
18811,1105,
18865,1106,
18786,1107,
18774,1108,
18859,1109,
18860,1110,
18748,1111,
18886,1154,
18843,1113,
18747,1114,
18883,1,
18884,1,
18844,1,
18887,1,
18746,1,
18895,1127,
18894,1128,
18896,1129,
18904,1155,
18910,1156,
18902,1157,
18907,756,
18911,1158,
18905,2,
18903,1,
18908,2,
19149,1,
19151,1,
19180,1,
19189,1,
19185,1,
19210,1,
19211,1,
19219,1,
19234,1,
19235,1,
19236,1,
19237,1,
19238,1,
19261,1,
19262,1,
19264,1,
19249,1,
19257,1,
19286,1,
19287,1,
19288,1,
19290,1,
19291,1,
19292,1,
19375,1,
19421,1,
19432,1,
19433,1,
19435,1,
19436,1,
19457,1,
19458,1,
19459,1,
19473,1,
19475,1,
19476,1,
19503,1,
19504,1,
19505,1,
19428,1,
19509,1,
19516,1,
19519,1,
19541,1,
19542,1,
19543,1,
19534,1,
19537,1,
19554,1,
19555,1,
19557,1,
19569,1,
19570,1,
19573,1,
19574,1,
19585,1,
19586,1,
19603,1,
19561,1,
19636,1,
19638,1,
19649,1,
19709,1,
19710,1,
19711,1,
19715,1,
19720,1,
19727,1,
19735,1,
19741,1,
19743,1,
19744,1,
19745,1,
19758,1,
19759,1,
19760,1,
19761,1,
19738,1,
19786,1,
19798,1,
19806,1,
19810,1,
19813,1,
19814,1,
19821,1,
20181,1,
19837,1,
19838,1,
19845,1,
19847,1,
19848,1,
19849,1,
19850,1,
19851,1,
19853,1,
19854,1,
19855,1,
19856,1,
19858,1,
19859,1,
19863,1,
19955,1,
19957,1,
19973,1,
19974,1,
20007,1,
20008,1,
20010,1,
20004,1,
20018,1,
20033,1,
20048,1,
20050,1,
20144,1,
20145,1,
20167,1,
20111,1,
20190,1,
20191,1,
20238,1,
20239,1,
20240,1,
20183,1,
20227,1,
20229,1,
20257,1,
20263,1,
20288,1,
20289,1,
20284,1,
20308,1,
20311,1,
20327,1,
20330,1,
20343,1,
20345,1,
20362,1,
20353,1,
20381,1,
20382,1,
20385,1,
20390,1,
20394,1,
20395,1,
20397,1,
20435,1,
20465,1,
20415,1,
20476,1,
20477,1,
20478,1,
20499,1,
20524,1,
20507,1,
20511,1,
20554,1,
20570,1,
20578,1,
20560,1,
20591,1,
20598,1,
20599,1,
20615,1,
20610,2,
19193,2,
19122,2,
19011,582,
19065,595,
19002,572,
19360,573,
19071,596,
19075,597,
19079,598,
19087,1135,
19089,599,
19091,600,
19092,601,
19093,602,
19094,603,
19095,604,
19099,605,
19106,606,
19108,607,
19111,49,
19113,608,
19123,1138,
19134,610,
19138,1118,
19140,612,
19142,613,
19370,1140,
19317,1140,
19438,1140,
20357,1140,
20073,1140,
20042,1140,
20043,1140,
20025,1140,
19880,1140,
19881,1140,
19939,1140,
19920,1140,
19146,1139,
19164,1161,
19169,615,
19170,616,
19173,617,
19174,618,
19178,619,
19179,620,
19181,621,
19186,622,
19187,623,
19188,624,
19194,625,
19196,626,
19198,627,
19207,628,
19208,629,
19209,629,
19217,630,
19216,631,
19218,632,
19220,633,
19221,634,
19544,634,
19224,635,
19227,636,
19228,637,
19229,638,
19230,90,
19232,639,
19239,640,
19240,641,
19242,1124,
19254,642,
19258,643,
19266,644,
19268,104,
19425,934,
19417,104,
19804,104,
19272,645,
19273,1163,
19278,647,
19281,648,
19282,649,
19283,650,
19284,651,
19285,652,
19289,653,
19297,654,
19305,655,
19307,118,
20214,118,
19308,656,
19309,656,
19310,657,
19315,658,
19316,1164,
19325,660,
19328,2,
19332,662,
19333,663,
19340,664,
19346,665,
19349,137,
19552,137,
19533,137,
19750,137,
19751,137,
19753,137,
19754,137,
19868,137,
19352,666,
19255,667,
19299,668,
19296,669,
19362,670,
19158,671,
19159,1171,
19827,1170,
19778,1168,
19162,673,
19163,674,
19374,1023,
19380,676,
19384,677,
19414,160,
19415,1141,
19419,678,
19427,679,
19429,680,
19430,574,
19437,1142,
19439,682,
19441,683,
19453,575,
19456,685,
19477,1031,
19478,687,
19479,688,
19481,689,
19482,689,
19497,690,
19500,691,
19501,182,
20339,182,
19506,692,
19515,693,
19521,694,
19522,695,
19523,696,
19524,697,
19526,698,
19527,699,
19528,1121,
19529,193,
19530,701,
19532,196,
19535,197,
19545,197,
19572,197,
19536,702,
19539,703,
19546,704,
19547,705,
19548,706,
19549,707,
19550,708,
19553,206,
19556,709,
19558,710,
19563,711,
19565,712,
19578,713,
19579,714,
19580,715,
19581,716,
19582,717,
19587,1165,
19588,1165,
20439,217,
19592,1022,
19593,1029,
19594,720,
19596,721,
19598,722,
19602,723,
19610,724,
19611,1166,
19614,726,
19620,727,
19376,986,
19144,237,
19950,237,
19644,729,
19167,1119,
19650,246,
19652,247,
19654,731,
19655,249,
19656,249,
19657,249,
19658,249,
19659,249,
19675,983,
19356,251,
19688,733,
19689,734,
19690,255,
19698,735,
19704,736,
19705,737,
19708,738,
19712,739,
19713,740,
19714,741,
19716,742,
19717,743,
19719,744,
19721,745,
19725,746,
19739,747,
19748,748,
19749,749,
19756,750,
19763,576,
19764,577,
19767,751,
19768,752,
19771,753,
19775,754,
19701,821,
20063,1144,
19342,755,
19131,756,
19110,1137,
19072,982,
19004,759,
19021,760,
19241,761,
19782,762,
19811,763,
19812,764,
19817,765,
19797,766,
19818,767,
19822,302,
19823,768,
19828,769,
19834,770,
19842,771,
19852,772,
19857,773,
19862,774,
19866,580,
19867,581,
19875,775,
19876,776,
19879,777,
20370,778,
19924,779,
19928,780,
19405,781,
19943,782,
19946,783,
19377,784,
19977,785,
19984,786,
19985,787,
19996,788,
20000,789,
20003,968,
19344,791,
20016,792,
20020,793,
20026,794,
20027,795,
20028,796,
20029,797,
20035,798,
20036,799,
20038,800,
20041,801,
20044,802,
20045,803,
20046,804,
20049,805,
20051,806,
20060,807,
19029,808,
19026,809,
19177,810,
19531,811,
19100,1136,
19125,357,
20177,357,
20072,358,
19907,812,
20117,360,
20141,813,
20147,814,
20150,815,
20166,366,
19615,816,
20168,368,
20173,1024,
20175,818,
19222,819,
20178,372,
19126,820,
19141,821,
19161,1172,
20179,823,
19703,824,
19736,825,
20186,826,
20188,827,
19334,828,
19335,828,
19304,829,
20194,386,
20195,386,
20196,830,
20200,831,
20202,832,
20209,833,
20210,834,
19564,835,
19280,836,
20219,837,
20232,838,
20243,839,
19589,840,
19770,841,
20244,399,
20245,842,
20248,843,
20249,844,
19396,845,
19382,405,
20253,1146,
20254,846,
20256,847,
20258,1147,
20262,849,
20265,850,
20267,412,
20212,412,
20269,851,
20270,852,
20273,853,
20274,854,
20276,855,
20277,418,
20278,1026,
20283,857,
20285,858,
20286,859,
20287,860,
20290,861,
20293,862,
20296,863,
20299,864,
20302,865,
20303,866,
20306,867,
20309,434,
19989,434,
19990,434,
19992,868,
20070,436,
20310,869,
20312,870,
20314,871,
20316,872,
20321,973,
20322,975,
20323,1117,
20324,876,
20337,877,
20340,452,
20347,452,
20349,452,
20341,878,
20352,879,
20355,880,
20358,881,
20359,882,
20360,883,
20363,884,
20364,885,
20365,464,
20366,886,
20005,887,
20368,888,
19929,889,
20377,890,
20380,891,
20383,472,
20387,892,
20165,1145,
20399,894,
20401,476,
20466,476,
20403,895,
20406,896,
20409,897,
20428,898,
20429,899,
19780,900,
19692,901,
19225,1162,
20440,972,
20454,904,
20463,905,
19277,906,
20467,907,
20471,908,
19260,1125,
20473,910,
19766,1169,
19076,912,
19358,913,
20475,914,
20479,498,
20480,498,
20481,498,
20464,915,
19983,916,
20488,917,
20492,918,
20482,919,
20494,920,
19765,1173,
19779,922,
19617,923,
20491,985,
20490,1174,
19038,925,
20503,926,
20513,513,
20516,927,
20518,515,
20523,516,
19686,517,
20529,518,
19321,518,
20320,971,
20531,974,
19320,1027,
19935,1143,
20537,524,
20540,930,
20543,931,
19869,964,
19627,932,
20550,933,
19267,934,
20555,532,
20556,533,
20557,534,
19096,935,
20294,936,
20412,937,
20558,938,
20559,939,
20561,940,
20567,941,
20568,942,
20569,943,
20581,944,
20582,945,
20583,946,
20584,947,
20585,948,
20586,949,
20588,950,
20589,951,
20595,952,
20596,556,
20601,953,
20602,954,
20611,955,
20613,956,
19613,1167,
19877,562,
19805,957,
20614,958,
19829,959,
19355,960,
19314,961,
20304,962,
20617,963,
20618,1175,
20619,571,
20621,1150,
20622,978,
20631,1151,
20635,1,
20637,980,
20638,1176,
20640,990,
20647,991,
20649,1153,
20651,993,
20652,994,
20653,995,
20654,996,
20655,997,
20656,998,
20657,999,
20658,1000,
20659,1001,
20660,1002,
20661,1003,
20662,1004,
20678,1005,
20679,1006,
20682,1007,
20683,1008,
20694,1009,
20700,1010,
20701,1011,
20709,1012,
20710,1013,
20714,1014,
20719,1015,
20720,1016,
20721,1017,
20723,1018,
20730,1019,
20734,1020,
20736,1021,
20702,1,
20707,1,
20732,1,
20743,1,
20744,1,
20698,1,
20742,1,
20794,1032,
20771,1033,
20795,1034,
20817,1035,
20796,1036,
20798,1037,
20846,1038,
20799,1039,
20847,1040,
20772,1041,
20836,1042,
20775,1043,
20797,1044,
20776,1045,
20849,1046,
20851,1047,
20800,1048,
20779,1049,
20802,1050,
20824,1051,
20780,1052,
20753,1053,
20781,1054,
20803,1055,
20832,1056,
20833,1057,
20834,1058,
20835,1059,
20804,1060,
20783,1061,
20790,1062,
20805,1063,
20806,1064,
20807,1065,
20808,1066,
20784,1067,
20758,1068,
20809,1069,
20810,1070,
20785,1071,
20841,1072,
20812,1073,
20813,1074,
20814,1075,
20792,1076,
20788,1077,
20793,1078,
20759,1079,
20878,1080,
20852,1081,
20866,1082,
20864,1083,
20777,1084,
20845,1085,
20751,1086,
20853,1087,
20848,1088,
20773,1089,
20762,1090,
20763,1091,
20778,1092,
20867,1093,
20801,1094,
20855,1095,
20856,1096,
20869,1097,
20870,1098,
20857,1099,
20872,1100,
20873,1101,
20858,1102,
20854,1103,
20768,1104,
20811,1105,
20865,1106,
20786,1107,
20774,1108,
20859,1109,
20860,1110,
20748,1111,
20886,1154,
20843,1113,
20747,1114,
20883,1,
20884,1,
20844,1,
20887,1,
20746,1,
20895,1127,
20894,1128,
20896,1129,
20904,1155,
20910,1156,
20902,1157,
20907,756,
20911,1158,
20905,2,
20903,1,
20908,2,
20953,1177,
20952,1178,
20954,1179,
20936,1,
20916,1180,
20937,1181,
20939,1182,
20915,1183,
20969,1184,
20970,2,
20971,2,
20955,1185,
20932,1,
20951,1186,
20959,1187,
20933,2,
20919,2,
20914,2,
20912,2,
20913,2,
20964,1188,
20929,1189,
20930,1190,
20968,1191,
20958,1192,
20956,1193,
20928,1194,
20927,1195,
20942,1196,
20931,1197,
20949,1198,
20917,1199,
20935,2,
20926,1200,
21000,1,
21013,1,
21014,1,
21017,1,
21031,1,
21036,1,
21037,1,
21080,1,
21084,1,
21086,1,
21039,1,
21077,1,
21078,1,
21117,1,
21120,1,
21133,1,
21135,1,
21137,1,
21147,1,
21065,595,
21002,572,
21360,573,
21071,596,
21075,597,
21079,598,
21087,1135,
21089,599,
21091,600,
21092,601,
21093,602,
21094,603,
21095,604,
21099,605,
21106,606,
21108,607,
21111,49,
21113,608,
21123,1138,
21134,610,
21138,1118,
21140,612,
21142,613,
21370,1140,
21317,1140,
21438,1140,
22357,1140,
22073,1140,
22042,1140,
22043,1140,
22025,1140,
21880,1140,
21881,1140,
21939,1140,
21920,1140,
21146,1139,
21164,1161,
21169,615,
21170,616,
21173,617,
21174,618,
21178,619,
21179,620,
21181,621,
21186,622,
21187,623,
21188,624,
21194,625,
21196,626,
21198,627,
21207,628,
21208,629,
21209,629,
21217,630,
21216,631,
21218,632,
21220,633,
21221,634,
21544,634,
21224,635,
21227,636,
21228,637,
21229,638,
21230,90,
21232,639,
21239,640,
21240,641,
21242,1124,
21254,642,
21258,643,
21266,644,
21268,104,
21425,934,
21417,104,
21804,104,
21272,645,
21273,1163,
21278,647,
21281,648,
21282,649,
21283,650,
21284,651,
21285,652,
21289,653,
21297,654,
21305,655,
21307,118,
22214,118,
21308,656,
21309,656,
21310,657,
21315,658,
21316,1164,
21325,660,
21328,2,
21332,662,
21333,663,
21340,664,
21346,665,
21349,137,
21552,137,
21533,137,
21750,137,
21751,137,
21753,137,
21754,137,
21868,137,
21352,666,
21255,667,
21299,668,
21296,669,
21362,670,
21158,671,
21159,1171,
21827,1170,
21778,1168,
21162,673,
21163,674,
21374,1023,
21380,676,
21384,677,
21414,1209,
21415,1141,
21419,678,
21427,679,
21429,680,
21430,574,
21437,1142,
21439,682,
21441,683,
21453,575,
21456,685,
21477,1031,
21478,687,
21479,688,
21481,689,
21482,689,
21497,690,
21500,691,
21501,182,
22339,182,
21506,692,
21515,693,
21521,694,
21522,695,
21523,696,
21524,697,
21526,698,
21527,699,
21528,1121,
21529,193,
21530,701,
21532,196,
21535,197,
21545,197,
21572,197,
21536,702,
21539,703,
21546,704,
21547,705,
21548,706,
21549,707,
21550,708,
21553,206,
21556,709,
21558,710,
21563,711,
21565,712,
21578,713,
21579,714,
21580,715,
21581,716,
21582,717,
21587,1165,
21588,1165,
22439,217,
21592,1022,
21593,1029,
21594,720,
21596,721,
21598,722,
21602,723,
21610,724,
21611,1166,
21614,726,
21620,727,
21376,986,
21144,237,
21950,237,
21644,729,
21167,1119,
21650,246,
21652,247,
21654,731,
21655,249,
21656,249,
21657,249,
21658,249,
21659,249,
21675,983,
21356,251,
21688,733,
21689,734,
21690,255,
21698,735,
21704,736,
21705,737,
21708,738,
21712,739,
21713,740,
21714,741,
21716,742,
21717,743,
21719,744,
21721,745,
21725,746,
21739,747,
21748,748,
21749,749,
21756,750,
21763,576,
21764,577,
21767,751,
21768,752,
21771,753,
21775,754,
21701,821,
22063,1210,
21342,755,
21131,1204,
21110,1137,
21072,982,
21004,759,
21021,760,
21241,761,
21782,762,
21811,763,
21812,764,
21817,765,
21797,766,
21818,767,
21822,302,
21823,768,
21828,769,
21834,770,
21842,771,
21852,772,
21857,773,
21862,774,
21866,580,
21867,581,
21875,775,
21876,776,
21879,777,
22370,778,
21924,779,
21928,780,
21405,1208,
21943,782,
21946,783,
21377,784,
21977,785,
21984,786,
21985,787,
21996,788,
22000,789,
22003,968,
21344,791,
22016,792,
22020,793,
22026,794,
22027,795,
22028,796,
22029,797,
22035,798,
22036,799,
22038,800,
22041,801,
22044,802,
22045,803,
22046,804,
22049,805,
22051,806,
22060,807,
21029,808,
21026,809,
21177,1205,
21531,811,
21100,1136,
21125,1202,
22177,1202,
22072,358,
21907,812,
22117,360,
22141,813,
22147,814,
22150,815,
22166,366,
21615,816,
22168,368,
22173,1024,
22175,818,
21222,819,
22178,372,
21126,1203,
21141,821,
21161,1172,
22179,823,
21703,824,
21736,825,
22186,826,
22188,827,
21334,828,
21335,828,
21304,829,
22194,386,
22195,386,
22196,830,
22200,831,
22202,832,
22209,833,
22210,834,
21564,835,
21280,836,
22219,837,
22232,838,
22243,839,
21589,840,
21770,841,
22244,399,
22245,842,
22248,843,
22249,844,
21396,845,
21382,405,
22253,1146,
22254,846,
22256,847,
22258,1147,
22262,849,
22265,850,
22267,412,
22212,412,
22269,851,
22270,852,
22273,853,
22274,854,
22276,855,
22277,418,
22278,1026,
22283,857,
22285,858,
22286,859,
22287,860,
22290,861,
22293,862,
22296,863,
22299,864,
22302,865,
22303,866,
22306,867,
22309,434,
21989,434,
21990,434,
21992,868,
22070,436,
22310,869,
22312,870,
22314,871,
22316,872,
22321,973,
22322,975,
22323,1213,
22324,876,
22337,877,
22340,452,
22347,452,
22349,452,
22341,878,
22352,879,
22355,880,
22358,881,
22359,882,
22360,883,
22363,884,
22364,885,
22365,464,
22366,886,
22005,887,
22368,888,
21929,889,
22377,890,
22380,891,
22383,472,
22387,892,
22165,1211,
22399,894,
22401,476,
22466,476,
22403,895,
22406,896,
22409,897,
22428,898,
22429,899,
21780,900,
21692,901,
21225,1206,
22440,972,
22454,904,
22463,1214,
21277,906,
22467,907,
22471,908,
21260,1125,
22473,910,
21766,1169,
21076,912,
21358,913,
22475,914,
22479,498,
22480,498,
22481,498,
22464,915,
21983,916,
22488,917,
22492,918,
22482,919,
22494,920,
21765,1173,
21779,922,
21617,923,
22491,985,
22490,1215,
21038,925,
22503,926,
22513,513,
22516,927,
22518,515,
22523,516,
21686,517,
22529,518,
21321,518,
22320,971,
22531,1216,
21320,1027,
21935,1143,
22537,524,
22540,930,
22543,931,
21869,964,
21627,932,
22550,933,
21267,1207,
22555,532,
22556,533,
22557,534,
21096,935,
22294,1219,
22412,937,
22558,938,
22559,939,
22561,940,
22567,941,
22568,942,
22569,943,
22581,944,
22582,945,
22583,946,
22584,947,
22585,948,
22586,949,
22588,950,
22589,951,
22595,952,
22596,556,
22601,953,
22602,954,
22611,955,
22613,956,
21613,1167,
21877,562,
21805,957,
22614,958,
21829,959,
21355,960,
21314,961,
22304,962,
22617,963,
22618,1217,
22619,571,
22621,1150,
22622,978,
22631,1151,
22635,1,
22637,980,
22638,1176,
22640,990,
22647,991,
22649,1153,
22651,993,
22652,994,
22653,995,
22654,996,
22655,997,
22656,998,
22657,999,
22658,1000,
22659,1001,
22660,1002,
22661,1003,
22662,1004,
22678,1005,
22679,1006,
22682,1007,
22683,1008,
22694,1009,
22700,1010,
22701,1011,
22709,1012,
22710,1013,
22714,1014,
22719,1015,
22720,1016,
22721,1017,
22723,1018,
22730,1019,
22734,1020,
22736,1021,
22702,1,
22707,1,
22732,1,
22743,1,
22744,1,
22698,1,
22742,1,
22794,1032,
22771,1033,
22795,1034,
22817,1035,
22796,1036,
22798,1037,
22846,1038,
22799,1039,
22847,1040,
22772,1041,
22836,1042,
22775,1043,
22797,1044,
22776,1045,
22849,1046,
22851,1047,
22800,1048,
22779,1049,
22802,1050,
22824,1051,
22780,1052,
22753,1053,
22781,1054,
22803,1055,
22832,1056,
22833,1057,
22834,1058,
22835,1059,
22804,1060,
22783,1061,
22790,1062,
22805,1063,
22806,1064,
22807,1065,
22808,1066,
22784,1067,
22758,1068,
22809,1069,
22810,1070,
22785,1071,
22841,1072,
22812,1073,
22813,1074,
22814,1075,
22792,1076,
22788,1077,
22793,1078,
22759,1079,
22878,1080,
22852,1081,
22866,1082,
22864,1083,
22777,1084,
22845,1085,
22751,1086,
22853,1087,
22848,1088,
22773,1089,
22762,1090,
22763,1091,
22778,1092,
22867,1093,
22801,1094,
22855,1095,
22856,1096,
22869,1097,
22870,1098,
22857,1099,
22872,1100,
22873,1101,
22858,1102,
22854,1103,
22768,1104,
22811,1105,
22865,1106,
22786,1107,
22774,1108,
22859,1109,
22860,1110,
22748,1111,
22886,1218,
22843,1113,
22747,1114,
22883,1,
22884,1,
22844,1,
22887,1,
22746,1,
22895,1127,
22894,1128,
22896,1129,
22904,1155,
22910,1156,
22902,1157,
22911,1158,
22905,2,
22903,1,
22908,2,
22953,1177,
22952,1178,
22954,1179,
22936,1,
22916,1180,
22937,1181,
22939,1182,
22915,1183,
22969,1184,
22970,2,
22971,2,
22955,1185,
22932,1,
22951,1186,
22959,1220,
22933,2,
22919,2,
22914,2,
22912,2,
22913,2,
22964,1188,
22929,1189,
22930,1190,
22968,1191,
22958,1192,
22956,1193,
22928,1194,
22927,1195,
22942,1196,
22931,1197,
22949,1198,
22917,1199,
22935,2,
22926,1200,
21148,1,
21149,1,
21151,1,
21180,1,
21189,1,
21185,1,
21210,1,
21211,1,
21219,1,
21234,1,
21235,1,
21236,1,
21237,1,
21238,1,
21261,1,
21262,1,
21264,1,
21249,1,
21257,1,
21286,1,
21287,1,
21288,1,
21290,1,
21291,1,
21292,1,
21375,1,
21421,1,
21432,1,
21433,1,
21435,1,
21436,1,
21457,1,
21458,1,
21459,1,
21473,1,
21475,1,
21476,1,
21503,1,
21504,1,
21505,1,
21428,1,
21509,1,
21516,1,
21519,1,
21541,1,
21542,1,
21543,1,
21534,1,
21537,1,
21554,1,
21555,1,
21557,1,
21569,1,
21570,1,
21573,1,
21574,1,
21585,1,
21586,1,
21603,1,
21561,1,
21636,1,
21638,1,
21649,1,
21709,1,
21710,1,
21711,1,
21715,1,
21720,1,
21727,1,
21735,1,
21741,1,
21743,1,
21744,1,
21745,1,
21758,1,
21759,1,
21760,1,
21761,1,
21738,1,
21786,1,
21798,1,
21806,1,
21810,1,
21813,1,
21814,1,
21821,1,
22181,1,
21837,1,
21838,1,
21845,1,
21847,1,
21848,1,
21849,1,
21850,1,
21851,1,
21853,1,
21854,1,
21855,1,
21856,1,
21858,1,
21859,1,
21863,1,
21955,1,
21957,1,
21973,1,
21974,1,
22007,1,
22008,1,
22010,1,
22004,1,
22018,1,
22033,1,
22048,1,
22050,1,
22144,1,
22145,1,
22167,1,
22111,1,
22190,1,
22191,1,
22238,1,
22239,1,
22240,1,
22183,1,
22227,1,
22229,1,
22257,1,
22263,1,
22288,1,
22289,1,
22284,1,
22308,1,
22311,1,
22327,1,
22330,1,
22343,1,
22345,1,
22362,1,
22353,1,
22381,1,
22382,1,
22385,1,
22390,1,
22394,1,
22395,1,
22397,1,
22435,1,
22465,1,
22415,1,
22476,1,
22477,1,
22478,1,
22499,1,
22524,1,
22507,1,
22511,1,
22554,1,
22570,1,
22578,1,
22560,1,
22591,1,
22598,1,
22599,1,
22615,1,
22610,2,
21193,2,
21122,2,
21011,582,
21012,583,
21015,584,
21025,585,
21027,1201,
21407,11,
21368,1201,
21035,586,
21044,587,
21043,1159,
21045,588,
21048,589,
21049,590,
21050,1131,
21051,1131,
21424,1131,
21056,591,
21057,592,
21060,593,
21061,1160,
22990,1,
22991,1,
22992,1221,
22989,1,
22975,1,
22974,1222,
22993,1223,
22907,1224,
22978,1225,
22994,1226,
22973,1227,
22985,1228,
22986,1229,
22988,1230,
22987,1231,
22982,1232,
22983,1233,
22984,1234,
22980,1235,
22981,1236,
23000,1,
23013,1,
23014,1,
23017,1,
23031,1,
23036,1,
23037,1,
23080,1,
23084,1,
23086,1,
23039,1,
23077,1,
23078,1,
23117,1,
23120,1,
23133,1,
23135,1,
23137,1,
23147,1,
23065,595,
23002,572,
23360,573,
23071,1239,
23075,597,
23079,598,
23087,1135,
23089,1240,
23091,600,
23092,601,
23093,602,
23094,603,
23095,604,
23099,1241,
23106,606,
23108,607,
23111,49,
23113,608,
23123,1138,
23134,610,
23138,1243,
23140,612,
23142,613,
23370,1140,
23317,1140,
23438,1140,
24357,1140,
24073,1140,
24042,1140,
24043,1140,
24025,1140,
23880,1140,
23881,1140,
23939,1140,
23920,1140,
23146,1139,
23164,1161,
23169,615,
23170,616,
23173,617,
23174,618,
23178,619,
23181,621,
23186,622,
23187,623,
23188,624,
23194,1244,
23196,626,
23198,627,
23207,628,
23208,629,
23209,629,
23217,630,
23216,631,
23218,632,
23220,633,
23221,634,
23544,634,
23224,635,
23227,636,
23228,637,
23229,638,
23230,90,
23232,639,
23239,640,
23240,641,
23242,1124,
23254,642,
23258,643,
23266,644,
23268,104,
23425,934,
23417,104,
23804,104,
23272,645,
23273,1247,
23278,647,
23281,648,
23282,649,
23283,650,
23284,651,
23285,652,
23289,653,
23297,654,
23305,655,
23307,118,
24214,118,
23308,656,
23309,656,
23310,657,
23315,658,
23316,1164,
23325,660,
23328,2,
23332,662,
23333,663,
23340,664,
23346,665,
23349,137,
23552,137,
23533,137,
23750,137,
23751,137,
23753,137,
23754,137,
23868,137,
23352,666,
23255,667,
23299,668,
23296,669,
23362,670,
23158,671,
23159,1171,
23827,1170,
23778,1168,
23162,1256,
23163,1257,
23374,1023,
23380,676,
23384,677,
23414,1209,
23415,1141,
23419,678,
23427,679,
23429,680,
23430,574,
23437,1142,
23439,682,
23441,683,
23453,575,
23456,685,
23477,1031,
23478,687,
23479,1248,
23481,689,
23482,689,
23497,690,
23500,1249,
23501,182,
24339,182,
23506,692,
23515,693,
23521,694,
23522,695,
23523,696,
23524,697,
23526,698,
23527,699,
23528,1121,
23529,193,
23530,701,
23532,196,
23536,702,
23539,703,
23546,704,
23547,705,
23548,706,
23549,707,
23550,708,
23553,206,
23556,709,
23558,710,
23563,711,
23565,712,
23578,713,
23579,714,
23580,715,
23581,716,
23582,717,
23587,1250,
23588,1250,
24439,1250,
23592,1022,
23593,1029,
23594,720,
23596,1251,
23598,722,
23602,723,
23610,724,
23611,1166,
23614,726,
23620,727,
23376,986,
23144,237,
23950,237,
23644,729,
23167,1119,
23650,246,
23652,247,
23654,731,
23655,249,
23656,249,
23657,249,
23658,249,
23659,249,
23675,983,
23356,251,
23688,733,
23689,1252,
23690,255,
23698,735,
23704,736,
23705,737,
23708,738,
23712,739,
23713,740,
23714,741,
23716,742,
23717,743,
23719,744,
23721,745,
23725,746,
23739,747,
23748,748,
23749,749,
23756,750,
23763,576,
23764,577,
23767,751,
23768,752,
23771,753,
23775,754,
23701,821,
24063,1210,
23342,755,
23131,1204,
23110,1242,
23072,982,
23004,759,
23021,760,
23241,761,
23782,1253,
23811,763,
23812,764,
23817,765,
23797,766,
23818,767,
23822,302,
23823,768,
23828,769,
23834,770,
23842,771,
23852,772,
23857,773,
23862,774,
23866,580,
23867,581,
23875,775,
23876,776,
23879,777,
24370,778,
23924,779,
23928,780,
23405,1208,
23943,782,
23946,783,
23377,784,
23977,785,
23984,786,
23985,787,
23996,788,
24000,1255,
24003,968,
23344,791,
24016,792,
24020,793,
24026,794,
24027,795,
24028,796,
24029,797,
24035,798,
24036,799,
24038,800,
24041,801,
24044,802,
24045,803,
24046,804,
24049,805,
24051,806,
24060,807,
23029,1237,
23026,809,
23177,1205,
23531,811,
23100,1136,
23125,1202,
24177,1202,
24072,358,
23907,812,
24117,360,
24141,813,
24147,814,
24150,815,
24166,366,
23615,816,
24168,368,
24173,1024,
24175,818,
23222,819,
24178,1259,
23126,1203,
23141,821,
23161,1172,
24179,823,
23703,824,
23736,825,
24186,826,
24188,827,
23334,828,
23335,828,
23304,829,
24194,386,
24195,386,
24196,830,
24200,831,
24202,832,
24209,833,
24210,834,
23564,835,
23280,836,
24219,837,
24232,838,
24243,839,
23589,840,
23770,841,
24244,399,
24245,842,
24248,843,
24249,844,
23396,845,
23382,405,
24253,1146,
24254,846,
24256,847,
24258,1147,
24262,849,
24265,850,
24267,412,
24212,412,
24269,851,
24270,852,
24273,853,
24274,854,
24276,855,
24277,418,
24278,1026,
24283,857,
24285,858,
24286,859,
24287,860,
24290,861,
24293,862,
24296,863,
24299,864,
24302,865,
24303,866,
24306,867,
24309,434,
23989,434,
23990,434,
23992,868,
24070,436,
24310,869,
24312,870,
24314,871,
24316,872,
24321,973,
24322,975,
24323,1213,
24324,876,
24337,877,
24340,452,
24347,452,
24349,452,
24341,878,
24352,879,
24355,880,
24358,881,
24359,882,
24360,883,
24363,884,
24364,885,
24365,464,
24366,886,
24005,887,
24368,888,
23929,889,
24377,890,
24380,891,
24383,472,
24387,892,
24165,1258,
24399,894,
24401,476,
24466,476,
24403,895,
24406,896,
24409,897,
24428,898,
24429,899,
23780,900,
23692,901,
23225,1245,
24440,972,
24454,904,
24463,1214,
23277,906,
24467,907,
24471,1260,
23260,1246,
24473,910,
23766,1169,
23076,912,
23358,913,
24475,914,
24479,498,
24480,498,
24481,498,
24464,915,
23983,916,
24488,917,
24492,918,
24482,919,
24494,920,
23765,1173,
23779,922,
23617,923,
24491,985,
24490,1215,
23038,925,
24503,926,
24513,513,
24516,927,
24518,515,
24523,516,
23686,517,
24529,518,
23321,518,
24320,971,
24531,1216,
23320,1027,
23935,1143,
24537,524,
24540,930,
24543,931,
23869,964,
23627,932,
24550,1261,
23267,1207,
24555,532,
24556,1262,
24557,1263,
23096,935,
24294,1219,
24412,937,
24558,938,
24559,939,
24561,940,
24567,941,
24568,942,
24569,943,
24581,944,
24582,945,
24583,946,
24584,947,
24585,948,
24586,949,
24588,950,
24589,951,
24595,952,
24596,556,
24601,953,
24602,954,
24611,955,
24613,956,
23613,1167,
23877,562,
23805,957,
24614,958,
23829,1254,
23355,960,
23314,961,
24304,962,
24617,963,
24618,1264,
24619,571,
24621,1150,
24622,978,
24631,1151,
24635,1,
24637,980,
24638,1176,
24640,990,
24647,991,
24649,1153,
24651,993,
24652,994,
24653,995,
24654,996,
24655,997,
24656,998,
24657,999,
24658,1000,
24659,1001,
24660,1002,
24661,1003,
24662,1004,
24678,1005,
24679,1006,
24682,1007,
24683,1008,
24694,1009,
24700,1010,
24701,1011,
24709,1012,
24710,1013,
24714,1014,
24719,1015,
24720,1016,
24721,1017,
24723,1018,
24730,1019,
24734,1020,
24736,1021,
24702,1,
24707,1,
24732,1,
24743,1,
24744,1,
24698,1,
24742,1,
24794,1032,
24771,1033,
24795,1034,
24817,1035,
24796,1036,
24798,1037,
24846,1038,
24799,1039,
24847,1040,
24772,1041,
24836,1042,
24775,1043,
24797,1044,
24776,1045,
24849,1046,
24851,1047,
24800,1048,
24779,1049,
24802,1050,
24824,1051,
24780,1052,
24753,1053,
24781,1054,
24803,1055,
24832,1056,
24833,1057,
24834,1058,
24835,1059,
24804,1060,
24783,1061,
24790,1062,
24805,1063,
24806,1064,
24807,1065,
24808,1066,
24784,1067,
24758,1068,
24809,1069,
24810,1070,
24785,1071,
24841,1072,
24812,1073,
24813,1074,
24814,1075,
24792,1076,
24788,1077,
24793,1078,
24759,1079,
24878,1080,
24852,1081,
24866,1082,
24864,1083,
24777,1084,
24845,1085,
24751,1086,
24853,1087,
24848,1088,
24773,1089,
24762,1090,
24763,1091,
24778,1092,
24867,1093,
24801,1094,
24855,1095,
24856,1096,
24869,1097,
24870,1098,
24857,1099,
24872,1100,
24873,1101,
24858,1102,
24854,1103,
24768,1104,
24811,1105,
24865,1106,
24786,1107,
24774,1108,
24859,1109,
24860,1110,
24748,1111,
24886,1218,
24843,1113,
24747,1114,
24883,1,
24884,1,
24844,1,
24887,1,
24746,1,
24895,1127,
24894,1128,
24896,1129,
24904,1155,
24910,1156,
24902,1157,
24911,1158,
24905,2,
24903,1,
24908,2,
24953,1177,
24952,1178,
24954,1179,
24936,1,
24916,1180,
24937,1181,
24939,1182,
24915,1183,
24969,1265,
24970,2,
24971,2,
24955,1185,
24932,1,
24951,1186,
24959,1266,
24933,2,
24919,2,
24914,2,
24912,2,
24913,2,
24964,1188,
24929,1189,
24930,1190,
24968,1191,
24958,1192,
24956,1193,
24928,1194,
24927,1195,
24942,1196,
24931,1197,
24949,1198,
24917,1199,
24935,2,
24926,1200,
23148,1,
23149,1,
23151,1,
23180,1,
23189,1,
23185,1,
23210,1,
23211,1,
23219,1,
23234,1,
23235,1,
23236,1,
23237,1,
23238,1,
23261,1,
23262,1,
23264,1,
23249,1,
23257,1,
23286,1,
23287,1,
23288,1,
23290,1,
23291,1,
23292,1,
23375,1,
23421,1,
23432,1,
23433,1,
23435,1,
23436,1,
23457,1,
23458,1,
23459,1,
23473,1,
23475,1,
23476,1,
23503,1,
23504,1,
23505,1,
23428,1,
23509,1,
23516,1,
23519,1,
23541,1,
23542,1,
23543,1,
23534,1,
23537,1,
23554,1,
23555,1,
23557,1,
23569,1,
23570,1,
23573,1,
23574,1,
23585,1,
23586,1,
23603,1,
23561,1,
23636,1,
23638,1,
23649,1,
23709,1,
23710,1,
23711,1,
23715,1,
23720,1,
23727,1,
23735,1,
23741,1,
23743,1,
23744,1,
23745,1,
23758,1,
23759,1,
23760,1,
23761,1,
23738,1,
23786,1,
23798,1,
23806,1,
23810,1,
23813,1,
23814,1,
23821,1,
24181,1,
23837,1,
23838,1,
23845,1,
23847,1,
23848,1,
23849,1,
23850,1,
23851,1,
23853,1,
23854,1,
23855,1,
23856,1,
23858,1,
23859,1,
23863,1,
23955,1,
23957,1,
23973,1,
23974,1,
24007,1,
24008,1,
24010,1,
24004,1,
24018,1,
24033,1,
24048,1,
24050,1,
24144,1,
24145,1,
24167,1,
24111,1,
24190,1,
24191,1,
24238,1,
24239,1,
24240,1,
24183,1,
24227,1,
24229,1,
24257,1,
24263,1,
24288,1,
24289,1,
24284,1,
24308,1,
24311,1,
24327,1,
24330,1,
24343,1,
24345,1,
24362,1,
24353,1,
24381,1,
24382,1,
24385,1,
24390,1,
24394,1,
24395,1,
24397,1,
24435,1,
24465,1,
24415,1,
24476,1,
24477,1,
24478,1,
24499,1,
24524,1,
24507,1,
24511,1,
24554,1,
24570,1,
24578,1,
24560,1,
24591,1,
24598,1,
24599,1,
24615,1,
24610,2,
23193,2,
23122,2,
23011,582,
23012,583,
23015,584,
23025,585,
23027,1201,
23407,11,
23368,1201,
23035,586,
23044,587,
23043,1159,
23045,1238,
23048,589,
23049,590,
23050,1131,
23051,1131,
23424,1131,
23056,591,
23057,592,
23060,593,
23061,1160,
24990,1,
24991,1,
24992,1221,
24989,1,
24975,1,
24974,1222,
24993,1223,
24907,1224,
24978,1225,
24994,1226,
24973,1227,
24985,1228,
24986,1229,
24988,1230,
24987,1231,
24982,1232,
24983,1233,
24984,1234,
24980,1235,
24981,1236,
